"","MoleculeID","Opera_LogP","Opera_LogWS","Opera_LogBCF","Opera_LogKM","padel_nAromBond","padel_AATS6m","padel_AATS1v","padel_AATS3v","padel_AATS4v","padel_AATS6v","padel_AATS0i","padel_AATS1i","padel_AATS2i","padel_AATSC0p","padel_GATS1i","padel_nBase","padel_C2SP2","padel_CrippenLogP","padel_SsssN","padel_minHBd","padel_minssCH2","padel_minsssN","padel_maxHBa","padel_LipoaffinityIndex","padel_ETA_dEpsilon_B","padel_ETA_EtaP_F","padel_ZMIC1","padel_ZMIC2","padel_Kier2","padel_XLogP","Fup.RF.pred","SImin","SImax","SImean","SIsd","SI90","Outlier"
"1","DTXSID0059871",-0.967641029469992,1.54151911663516,-1.1370191259859,-1.2469761990881,-1.36724910973408,-1.04840132406419,0.248787906480883,-0.0975712124389659,-0.737142893447414,-3.25203461431036,6.88188213752644,5.90889415793287,6.39630358327605,-0.504550905900088,0.298574508668487,-0.490563539433066,-1.43379202943623,-0.971820891451509,-0.593899024179223,2.31256160728289,-0.549463598442481,-0.712382893105428,0.250926639578425,-0.114671951713563,-1.46342764737006,0.112828269515707,-0.626651681298815,-0.214416972217341,-1.38374984764557,-0.906307461728413,0.413518649656635,0.0975712124389659,6.88188213752644,1.45906706264526,1.81127745489674,3.77750220491308,1
"2","DTXSID3059927",-0.927873139122526,1.49257717736811,-1.13253903383186,-1.32062056704186,-1.36724910973408,-0.560975886150356,-0.46525536997763,-0.701930939271304,-0.42370404554988,-1.57006055707747,5.11707155089828,3.58164120970766,3.94929728165025,-0.495289988658882,-0.245044741958312,-0.490563539433066,-1.43379202943623,-0.984354695867647,-0.593899024179223,2.15175522285218,-5.7349892139657,-0.712382893105428,0.455245114905322,-0.593541032312378,-1.46342764737006,-0.0411642375546451,0.159628784182559,0.904706622520713,-1.103343238418,-0.647946253759849,0.431129295254128,0.0411642375546451,5.7349892139657,1.36072900492872,1.41238855627112,3.16858635695575,1
"3","DTXSID80310730",-0.411224623560142,1.12621192851912,-1.12755037083874,-0.304003030892918,-1.36724910973408,1.24537959712513,0.499180204518745,0.562410705059614,0.606572569678299,0.190261520331494,6.00519293721349,5.07462830539422,4.4429778063738,-0.456891428372182,-0.0908050122866344,-0.490563539433066,-1.43379202943623,-1.05339312179009,-0.593899024179223,2.42914226154175,-0.549463598442481,-0.712382893105428,0.581785696586377,0.699929385604513,-1.46342764737006,1.40217405812911,0.888757970941397,1.60852729895264,-0.787412635082689,-1.11128181375174,0.176887852532294,0.0908050122866344,6.00519293721349,1.31054907080818,1.41510912703669,3.12188875341514,1
"4","DTXSID70381090",-0.261250647370592,1.26161846703626,-1.17493939195799,-0.293779687086582,-1.36724910973408,0.81233347780559,-0.363232482426493,-0.513210771490815,0.954344577879108,-0.0106628315336749,5.45773018549119,4.03632913439029,5.2120952830331,-0.562877077110119,0.0753251621458146,-0.490563539433066,-1.43379202943623,-0.746693931263431,-0.593899024179223,2.26105836905215,-5.67661328350898,-0.712382893105428,0.538428724876911,-0.0162895318756371,-1.46342764737006,0.592133515244872,1.06637128182375,2.08361344008881,-0.599916304857242,-0.722376104019269,0.254003846472641,0.0106628315336749,5.67661328350898,1.37848459688756,1.59434381563507,3.41924468090045,1
"5","DTXSID10382147",-0.117916748597728,-0.0133095622612048,-0.990527564229771,-0.734786873014885,-1.36724910973408,0.645640823948855,-0.0830188661824462,-0.58092275870511,-0.238120306926543,-0.0904445331619671,5.62027868516496,3.61451356405794,4.20376884146216,-0.395485969939566,-0.214649127549391,-0.490563539433066,-1.43379202943623,-0.354565588461089,-0.593899024179223,1.55012233992589,-5.78050368025805,-0.712382893105428,0.600990776136638,-0.0333286694197392,-1.46342764737006,0.532648456252115,0.93811762530156,1.17302826013786,-0.698511591057634,0.0612805916440508,0.172404527398811,0.0133095622612048,5.78050368025805,1.17759320156851,1.5513068477989,3.1632659667511,1
"6","DTXSID70366226",-0.272896565378928,1.18499085122639,-1.10748419889162,-1.5334848794705,-1.36724910973408,0.772462629442553,0.53640063779461,0.320246382263309,0.381567724793352,-0.609845870572442,6.99251073957635,5.13391879411259,5.46238942462651,-0.364133721507308,0.172768427302362,-0.490563539433066,-1.43379202943623,-0.507750704358743,-0.593899024179223,2.40263407683337,-0.549463598442481,-0.712382893105428,0.466816376224307,0.292381963595667,-1.46342764737006,0.77857983105973,0.284361558454452,0.54024805624729,-0.978172115737111,-0.420759852182666,0.173895421451359,0.172768427302362,6.99251073957635,1.27091944077842,1.65334356359387,3.38719920217857,1
"7","DTXSID2060965",-0.331551451305304,1.18381116469144,-1.11445493885024,-1.4451780051348,-1.36724910973408,-0.719228057744547,0.622785804488266,0.353094175753462,0.203891775880508,-1.68580845061606,7.4162005281206,5.74250557911096,6.26718421839047,-0.402326725670466,0.361370135485022,-0.490563539433066,-1.43379202943623,-0.668940482719195,-0.593899024179223,2.4060407511734,-0.549463598442481,-0.712382893105428,0.372967286302097,0.34439253029663,-1.46342764737006,0.624342697290299,-0.117335196994752,0.221926887982813,-1.1917847914969,-0.562994906343338,0.260731360508418,0.117335196994752,7.4162005281206,1.3656964794514,1.82418390465225,3.70065187740628,1
"8","DTXSID30396867",0.299506880742189,0.276926108544784,-0.992159555888821,0.539138998555472,-1.36724910973408,1.77718370577482,0.354533563520028,0.0831937742451762,0.574594444552585,0.478410649242829,6.54305808148365,4.09856551428198,4.64428766480031,-0.333601496792994,-0.0285336333733296,-0.490563539433066,-1.43379202943623,-0.0757134696707064,-0.593899024179223,2.15175522285218,-7.31578974061633,-0.712382893105428,0.651429323695127,0.461093244542373,-1.46342764737006,1.35871204792604,2.19582399055566,3.56944013867556,-0.530167360281445,0.381991412395375,0.0964853501291293,0.0285336333733296,7.31578974061633,1.52589747554226,1.88028538679522,3.93266277064014,1
"9","DTXSID00380798",0.535265598177324,0.218213124816378,-0.899000362016569,-0.0563230289620178,-1.36724910973408,1.76461453800648,0.0209759707801226,-0.0864057720701087,1.30590573037924,0.621289389988367,6.15666904359312,4.33714826015111,5.70670557715445,-0.500445640809812,0.205883820734984,-0.490563539433066,-1.43379202943623,-0.173542935862853,-0.593899024179223,2.26801136322582,-6.23759010289911,-0.712382893105428,0.637783452238907,0.874591253768956,-1.46342764737006,1.41228529502438,2.61375853827103,4.14797376894274,-0.0753654720415765,-0.244622196071367,0.154571703762861,0.0209759707801226,6.23759010289911,1.57205614930816,1.85983772600119,3.95264843858968,1
"10","DTXSID30340244",1.8215551764638,-1.38044063242288,1.0063776294528,1.94023592028156,-0.352984729893449,1.963477142318,1.00597168371854,0.598082021003526,0.402723828476197,1.24264621583359,4.06670330280606,1.69563483198199,2.91230954253178,0.468572528453589,-0.835657469347198,-0.490563539433066,-0.299792878882121,1.16031797450289,-0.593899024179223,-1.20904256940198,-7.24595447145371,-0.712382893105428,0.861832456578975,1.31020277859789,0.900798484786276,1.98198010606331,2.56661394570134,3.15816682314162,0.236123326748042,1.45479443733875,0.0118638646210315,0.236123326748042,7.24595447145371,1.52919461216332,1.41606490901512,3.34175769570268,1
"11","DTXSID60400587",-0.34998321394204,1.18283530941035,-1.11512332478298,-1.36567367652077,-1.36724910973408,1.54570328460304,0.864784444375398,0.584516942663087,0.68114535618637,-0.197613432721184,7.7724127885167,5.63484238104972,6.18971259945912,-0.334204129588008,0.412033744775822,-0.490563539433066,-1.43379202943623,-0.366060073986881,-0.593899024179223,2.48439426099417,-0.549463598442481,-0.712382893105428,0.468323050875217,0.774294403043752,-1.46342764737006,1.07898141752898,0.447137028797225,0.945478634134122,-0.997752641481459,-0.219682350958263,0.127885244667643,0.197613432721184,7.7724127885167,1.42078221106984,1.82610845326754,3.75820103125229,1
"12","DTXSID1062122",0.349565215033925,0.356757090080146,-0.77317338401426,-1.00333496483234,-1.36724910973408,0.384633689997077,0.154054854535426,-0.395668466465146,0.123998443714747,-0.487169990438348,6.54155463156526,4.04039778790752,5.02238619309872,-0.324525059308243,0.00227150361184737,-0.490563539433066,-1.43379202943623,-0.0498735229474394,-0.593899024179223,1.9952611203569,-5.26735038382472,-0.712382893105428,0.506693031985046,0.248898619955069,-1.46342764737006,0.455183334877037,0.679880892336349,1.18224170605532,-0.91489101688714,0.323148965331645,0.0842911559095877,0.00227150361184737,6.54155463156526,1.25480760374726,1.68019363401754,3.40545545528971,1
"13","DTXSID50369896",0.834836376306015,0.722853056495668,0.352039566797465,-0.0232416637824277,-1.36724910973408,2.36236001408436,0.652638630246449,0.335877590089559,0.856165813555846,0.926555658448381,7.07430796542722,4.28653798867264,4.88342414072291,-0.273493403657174,0.0780014714231764,-0.490563539433066,-1.43379202943623,0.530047347793921,-0.593899024179223,2.15175522285218,-7.88367252531814,-0.712382893105428,0.739905358991504,1.14200831765428,-1.46342764737006,2.08651724880315,3.48661615859874,5.32385331688676,-0.141365125191325,1.06861652316552,0.0205935877905079,0.0232416637824277,7.88367252531814,1.8092668242741,2.07861404291309,4.46989279920285,1
"14","DTXSID10379835",0.443527585406538,-0.664327348557139,0.483425298332455,-0.0131930504238711,-1.36724910973408,2.20866615395205,0.613748821013224,0.215051071161442,0.699953805471378,0.522223563862998,7.98593425199016,5.32224479852442,5.88740351515827,-0.290342309194925,0.481123223706945,0.757361253861575,-1.43379202943623,0.353887563398218,-0.593899024179223,2.01978539041143,-6.34340142889665,-0.712382893105428,0.603461722564129,1.16439354343098,-1.46342764737006,1.42508742560952,1.76674315547586,2.91293365721265,-0.67253318792415,0.844157917147587,0.0677069564274497,0.0131930504238711,7.98593425199016,1.67552205821712,2.01938542012764,4.26033539598049,1
"15","DTXSID3047558",0.895702105608089,-1.65750780190893,0.913202601583364,1.78023285986065,-1.36724910973408,1.38990308206781,0.395409640436933,0.179024929046537,0.233246940053074,0.476483243743835,5.26752087113484,2.86991823024435,4.05721689213498,-0.195978969160781,-0.415273363626541,-0.490563539433066,-1.43379202943623,1.1695049813914,-0.593899024179223,-1.20904256940198,-6.10749965262324,-0.712382893105428,0.773617699697497,1.58290279698528,-0.445850186976534,1.65654505405495,2.33811358613173,2.98904435612842,0.048339474016938,1.4824620780111,0.0173341079416415,0.048339474016938,6.10749965262324,1.50424768539726,1.46842563428221,3.38383249727849,1
"16","DTXSID50379930",1.16775302385427,-1.61999122824764,0.705751363340905,1.13988315520454,-1.36724910973408,2.74482094672426,0.889821342913652,0.46646210493027,0.985549432800597,1.03398960482712,8.28932905944314,5.28427866350567,5.88580827485837,-0.232476474920828,0.524911290911889,0.757361253861575,-1.43379202943623,0.959648380862845,-0.593899024179223,2.10501781722647,-6.87230877943062,-0.712382893105428,0.704298639690417,1.87586550691776,-1.46342764737006,2.14665464566012,2.98089224835907,4.65386361618756,-0.280988400143496,1.53078302791774,0.0555555043653617,0.232476474920828,8.28932905944314,2.04697529955219,2.0673621601435,4.69319886453588,1
"17","DTXSID50381992",0.123655751458211,0.583309834230762,0.490650872958747,-1.35177942653408,-1.36724910973408,1.56158248670791,0.0258381184781904,-0.887433081749598,-0.756926555947851,0.470213018201738,7.13407714306073,4.87177370415566,6.08217107315682,-0.354372720173762,0.42548789527971,0.757361253861575,-1.43379202943623,0.0141065665407967,-0.593899024179223,1.86130216862094,-5.60201557715081,-0.712382893105428,0.43462724600893,0.714718096187954,-1.46342764737006,0.359289668837994,0.918110862192287,1.90435525793739,-0.760494635904503,0.521498670996802,0.181553798270497,0.0141065665407967,7.13407714306073,1.48459674633863,1.86389101740547,3.87037724861763,1
"18","DTXSID00190950",0.507132778410477,-0.235187930891631,0.488436929214746,0.23699675667406,-1.36724910973408,2.56256702362551,0.879499165478318,0.403879832956651,0.855975071896349,0.68498526000283,8.08789763734229,4.92333043844802,5.97916106584779,-0.24026476983334,0.423684918585748,-0.490563539433066,-1.43379202943623,0.369906423359505,-0.593899024179223,2.22594501959068,-7.41433004754012,-0.712382893105428,0.587390526287761,1.0288366468699,-1.46342764737006,1.46116986372371,1.69690829823695,2.92164185570949,-0.67253318792415,0.870266817500368,0.0281611584408725,0.235187930891631,8.08789763734229,1.72730808364028,2.10779229475775,4.4252822209302,1
"19","DTXSID0059879",-0.229253883708631,0.0428985017897474,-0.734418089090964,-1.53553926178489,-1.36724910973408,0.0303130818782042,0.157722794766818,-0.262508722336852,-0.00685974249888396,-1.32463924562273,6.81947010401695,4.34861260975234,5.31375216457007,-0.351765289139929,0.110903231079885,-0.490563539433066,-1.43379202943623,-0.377545024476983,-0.593899024179223,2.23351540701298,-6.22642645785432,-0.712382893105428,0.43511594156917,-0.152735752641174,-1.46342764737006,0.273548010810737,0.347888510469339,0.815704218381519,-1.04103306503825,-0.0174357944941841,0.192146124781863,0.00685974249888396,6.81947010401695,1.30836397160145,1.86121251770571,3.69071599426476,1
"20","DTXSID10379991",1.35035573268508,-1.40057224100557,1.0667477862061,1.19912102361099,-1.36724910973408,2.2609127582942,0.623649117848344,0.0753266163612067,0.687789431683045,0.920316656522843,7.01661902384656,4.02179330439278,4.86905064048155,-0.215973371724978,0.0350346216961664,-0.490563539433066,-1.43379202943623,1.3476289831395,-0.593899024179223,1.77667312119344,-6.13604535411324,-0.712382893105428,0.765055141246033,1.64457881986103,-1.46342764737006,1.95702818275723,3.48369337825669,4.91939160518469,0.00197005002670123,1.83590644547337,0.00974569527471275,0.00197005002670123,7.01661902384656,1.85575158836231,1.81615814948221,4.18043401969954,1
"21","DTXSID1047578",1.32295947615642,-0.349506583189197,1.84011516282669,-0.416321254190621,-1.36724910973408,5.87154647450028,1.18032932249268,0.164263168530161,0.946691441478314,0.650571783012539,6.29330083065747,3.48555735211141,4.74972396273844,6.99730386289598,-0.451572377411035,-0.490563539433066,-1.43379202943623,0.637936276640328,-0.593899024179223,-1.20904256940198,-4.08335285719806,-0.712382893105428,0.5642613427427,0.251603009234686,-1.46342764737006,-0.338385676935864,1.22370439567803,2.01236644762151,-0.91489101688714,1.10719534607486,0.0164653858595324,0.164263168530161,6.99730386289598,1.77079387446215,1.91069753504615,4.21648671932122,1
"22","DTXSID20335129",1.28610816338711,-0.354539473788606,1.50551585760596,-0.940903998850857,-1.36724910973408,10.2121329050348,2.63012099798809,1.63855247050277,2.17853820032546,2.6300684937273,8.31020159744948,4.78067343656809,6.0552688527423,2.96406836121311,0.102490704851517,-0.490563539433066,-1.43379202943623,1.22114673469517,-0.593899024179223,-1.20904256940198,-0.549463598442481,-0.712382893105428,0.632083332673358,0.269732978362734,-1.46342764737006,0.19763219186316,2.34844453311734,4.43190181506443,-0.809833516609711,1.728743048503,0.0108819893264613,0.102490704851517,10.2121329050348,2.16828406920089,2.39650078262751,5.2358050709641,1
"23","DTXSID30190948",0.405588124440862,-0.420804433066823,1.14856724093406,1.73504791659544,-1.36724910973408,-1.04840132406419,3.58949907458884,2.42277610858153,3.3365115726482,-3.25203461431036,7.2645445299885,4.15156701385409,5.49516437447328,18.4482933876147,-0.699035439805088,-0.490563539433066,-1.43379202943623,0.653621410352422,-0.593899024179223,-1.20904256940198,-0.549463598442481,-0.712382893105428,0.502780981387453,-1.56989703909511,-1.46342764737006,-1.24440142809217,2.30319231454509,4.37702156229876,-1.20292689403153,1.19799196968975,0.0387335192291144,0.405588124440862,18.4482933876147,2.47631630551869,3.44549788887687,6.88655360328109,1
"24","DTXSID30395037",-0.27061116398918,1.34438434823057,-0.989909205980357,-0.922534836230954,-1.36724910973408,0.745995467824181,-0.446156415449706,-1.02947688816825,0.162416897639697,0.477566269145933,5.50220532637458,3.64209782906757,5.66363194513968,-0.458989599761047,0.128845128438537,-0.490563539433066,-1.43379202943623,0.0310312548927518,-0.593899024179223,-1.20904256940198,-5.08522674922958,-0.712382893105428,0.317513117909109,0.242124727636581,-1.46342764737006,0.190130306424732,1.37055016833829,2.7243428535902,-0.184604749640437,0.439664804219429,0.156209010848032,0.0310312548927518,5.66363194513968,1.32134556219938,1.59156454895818,3.35854818486585,1
"25","DTXSID40379666",0.942664178426951,0.228125674059202,-0.164748751398577,-0.301345838295436,-1.36724910973408,0.533008853909135,0.930557034169832,0.280222966239159,-0.670420193049052,0.242237968206717,3.56740627035766,1.36195025561376,2.44200958716338,4.80049974147372,-0.206831624789816,-0.490563539433066,-1.43379202943623,0.413328975897423,-0.344503128024469,-1.20904256940198,-0.549463598442481,-0.28161933664733,0.712301667235241,1.20259194883322,-1.46342764737006,0.588137945826579,0.433466361658099,0.401067847776675,-0.787412635082689,0.32392833549143,0.0535155108249053,0.164748751398577,4.80049974147372,0.955797520448115,1.03114033543038,2.275657149799,0
"26","DTXSID4059914",-0.364470516164024,0.949993519253003,-0.999309901689139,-1.46987751780749,-1.36724910973408,-0.719228057744547,0.162962709383091,-0.40667731312609,-0.351004605965547,-1.68580845061606,7.20855176544933,4.78891949810207,6.05068222416992,-0.3918619800531,0.275479309275744,-0.490563539433066,-1.43379202943623,-0.538734802837435,-0.593899024179223,2.31868226551381,-6.02413994099944,-0.712382893105428,0.32408406429481,-0.096071740556752,-1.46342764737006,0.0846554280050864,-0.119476819429288,0.445353665929142,-1.25610157528019,-0.159670848654856,0.306876929221656,0.0846554280050864,7.20855176544933,1.44177042545193,1.93254079027052,3.9154226369982,1
"27","DTXSID50184723",0.745267417028759,-1.38418065532006,0.598034488424773,0.688724458603726,-1.36724910973408,2.5341887067066,0.767122444291238,0.357152959813388,0.86417129118568,0.832938660162643,8.15388494897306,5.30115250129178,5.88651205734361,-0.258280225613091,0.504769416096309,0.757361253861575,-1.43379202943623,0.656767972130532,-0.593899024179223,2.0657830643893,-6.63313472126692,-0.712382893105428,0.657702009996873,1.52372441185136,-1.46342764737006,1.80116020432727,2.37584752922245,3.78610715381117,-0.476869890538605,1.18747047253266,0.0617112957943115,0.258280225613091,8.15388494897306,1.87896865395362,2.02858917224074,4.47556279442177,1
"28","DTXSID50382621",0.962189253024789,-1.17601165241937,0.957873236359556,0.671193517564495,-1.36724910973408,2.0293034990554,0.495168276035811,-0.0563704123314891,0.554955718257006,0.754225494932554,6.78599583596922,3.91767260260798,4.76963010114526,-0.236166565005404,-0.0139876067285299,-0.490563539433066,-1.43379202943623,1.04474857440718,-0.593899024179223,1.78284645856998,-5.89687129594953,-0.712382893105428,0.725205134152589,1.31136358307983,-1.46342764737006,1.60183021569424,2.84259398183751,4.00061992707854,-0.191075422519809,1.4925938900883,0.0115047836125081,0.0139876067285299,6.78599583596922,1.67772688326908,1.72258993276787,3.88264199721195,1
"29","DTXSID5044572",1.05144200973569,-0.604692889160529,0.795552085961959,0.093322709492384,-1.36724910973408,2.03842778914953,0.578683295146177,0.068013538250722,0.651600106825893,0.587055960152418,7.21087006688348,4.29240155764361,5.23237148223382,-0.250743422708928,0.130156610940157,-0.490563539433066,-1.43379202943623,0.555887294517187,-0.593899024179223,1.96145839421792,-6.07566927423578,-0.712382893105428,0.637110789767776,0.959389858895165,-1.46342764737006,1.33767415180523,1.95535374986297,2.95807958473133,-0.530167360281445,1.00977407610179,0.0150327744757693,0.068013538250722,7.21087006688348,1.58757374339867,1.80871113230589,3.9027239927502,1
"30","DTXSID5063235",0.859949650508638,-1.66574858086237,0.915981365588556,1.81338584901305,-1.36724910973408,2.08361713928231,0.714411052543981,0.548204769429693,0.551928550980129,0.913450250520006,6.0474229200752,3.35652971469756,4.61966501626623,-0.162150173526725,-0.269343559398966,-0.490563539433066,-1.43379202943623,1.28640451896603,-0.593899024179223,-1.20904256940198,-7.33498960670751,-0.712382893105428,0.781653297835681,2.05760308702126,-0.33088287890351,2.16027219857553,2.94209214654002,3.99870899953962,0.0850566602036436,1.68626737479474,0.0120667825705264,0.0850566602036436,7.33498960670751,1.76642161756903,1.74854988515807,4.00456547057136,1
"31","DTXSID60195123",0.762007327046406,-0.854315080856286,-0.169497361248631,0.702327642721171,-1.36724910973408,3.11796392962859,1.25570532419307,0.888259324231971,1.2086361554718,1.23810678586327,8.36609988917687,5.46092490725849,6.07350517106209,-0.220714215946497,0.510515551046436,-0.490563539433066,-1.43379202943623,0.542581152210059,-0.593899024179223,2.65002771370501,-0.549463598442481,-0.712382893105428,0.663809064581893,1.9522225022321,-1.46342764737006,2.20573199348774,2.19569294002211,3.39902713705471,-0.41159595424879,0.810255315196961,0.0122690342639831,0.169497361248631,8.36609988917687,1.74234334267305,1.89331895215981,4.1657916014376,1
"32","DTXSID60377821",0.910909488477919,-0.167398472410088,-0.146873310004042,-0.672110550974886,-1.36724910973408,0.325570180642719,-0.28016666052665,-0.923046706454342,-0.363928844578124,-0.18869843482389,5.13113126970919,2.98229371488499,3.76311923960525,-0.330332311490689,-0.335772945814951,-0.490563539433066,-1.43379202943623,0.322088219367925,-0.593899024179223,1.689923738155,-4.5819560678929,-0.712382893105428,0.622802505327846,0.370551773819387,-1.46342764737006,0.18858100399723,1.03687531536329,1.24975730067938,-0.599916304857242,0.602163482534498,0.0518334963463025,0.146873310004042,5.13113126970919,1.12824273618835,1.29980068534202,2.79198761342613,0
"33","DTXSID60379269",-0.163606929891994,0.407211458610465,-0.628569736197018,-1.10595646379807,-1.36724910973408,0.384633689997077,-0.40419761665191,-1.07702238469988,-0.589457812798113,-0.487169990438348,5.20457969052465,3.18882769011441,4.04950295135818,-0.374660785207039,-0.278205641309404,-0.490563539433066,-1.43379202943623,-0.166773060522071,-0.593899024179223,1.83501115940174,-4.21694789703859,-0.712382893105428,0.496728890293697,-0.0654139019184906,-1.46342764737006,-0.21036437108442,0.185663756980993,0.466649713676105,-0.94220169472114,0.119343668547997,0.189316693229039,0.0654139019184906,5.20457969052465,1.10366717330133,1.32602368958046,2.80097749596432,0
"34","DTXSID60379901",1.13682671235747,-1.67105561607517,0.879151387932522,1.88639434624251,-1.36724910973408,1.67044728023647,0.521622939653649,0.461372679743466,0.359485612293166,0.655972536085936,5.59720958031656,3.04853632707484,4.28057563042781,-0.17949805290358,-0.360208673105213,-0.490563539433066,-1.43379202943623,1.47238539012371,-0.593899024179223,-1.20904256940198,-6.46504501732978,-0.712382893105428,0.821262191431702,1.90922467599845,-0.481663930800637,2.04578690340646,2.78395720515163,3.1779246906131,0.236123326748042,1.87916148934141,0.0127643179232814,0.17949805290358,6.46504501732978,1.65959404535611,1.54648771933458,3.63909832610438,1
"35","DTXSID70381151",0.837904373941518,0.775184887995428,0.104155732415875,0.256989019877386,-1.36724910973408,2.80022775302779,0.999112704133958,0.802854725802901,0.910197426463956,1.07071391562051,8.26512535754696,5.70437056445042,6.00448739286865,-0.266619951381913,0.552218646789246,2.00528604715622,-1.43379202943623,0.645931404067435,-0.593899024179223,2.27792188018453,-0.549463598442481,-0.712382893105428,0.679880260858261,2.00256772817301,-1.46342764737006,2.186447255377,2.26258911611198,3.34658264020726,-0.41159595424879,1.09199762795906,0.0841720621929532,0.104155732415875,8.26512535754696,1.74603922229758,1.87957587880549,4.15189634716861,1
"36","DTXSID7060332",1.26885994570214,-0.297130553968291,0.568393514374023,-0.117704406071389,-0.52202879320022,1.62548287062354,1.74141848551442,0.642075096093116,1.21589556982818,1.26419827998023,3.3046531756942,1.12745137105122,2.35750068177432,0.868027870909049,-1.34870866738815,-0.490563539433066,-0.299792878882121,0.357410759086132,-0.593899024179223,-1.20904256940198,-4.11104495586162,-0.712382893105428,0.683445579222668,0.294454050577412,1.05651041445629,1.06927789179884,0.507788380474799,0.33576764393412,-0.479184660080419,0.401475666389988,0.0280226775481972,0.117704406071389,4.11104495586162,1.02905233963522,0.895982409742681,2.17590982410585,0
"37","DTXSID70880230",-1.03782548118848,1.64626866207959,-0.892247964737176,-0.875021509060624,-1.36724910973408,0.403000716490784,-0.736413833673441,-1.42048289557317,-1.0659790466376,-0.345878557744988,3.23786906473842,1.86133161721244,3.19130799734163,-0.422155806122616,-0.477599028307538,-0.490563539433066,-1.43379202943623,-0.781592161893378,-0.593899024179223,-1.20904256940198,-3.21716661949481,-0.712382893105428,0.438289729514089,-0.637086463306915,-1.46342764737006,-1.05983058363692,-0.446064937801012,-0.520880799488795,-1.05716043400718,-0.643270032801142,0.461873132985912,0.345878557744988,3.23786906473842,1.12283602518376,0.81699842235617,2.16859400579966,0
"38","DTXSID80375107",1.35182367262735,-1.29503001818604,1.24272437999155,1.26464190510613,-1.36724910973408,3.26168964953418,1.31947769115083,0.801211767310929,1.31021473560782,1.45733051195794,8.65158088855572,5.00586347199378,5.93833848689682,-0.144580724281685,0.539072924277677,-0.490563539433066,-1.43379202943623,1.88430846702107,-0.593899024179223,2.18241529191248,-8.46113458603358,-0.712382893105428,0.800467017791243,2.75296933059979,-1.46342764737006,3.06865267448959,4.66900008733231,7.15707424896455,0.307375399565493,2.58682959442574,0.0089992464230913,0.144580724281685,8.65158088855572,2.45050405896241,2.37343539635425,5.48850136629586,1
"39","DTXSID80382093",-0.831724717811337,1.46897589815266,-0.978737589634658,-1.48345917959353,-1.36724910973408,-1.04840132406419,-0.26982119206768,-0.362181936595359,-1.76044877850302,-3.25203461431036,7.25680538938062,6.32577969432003,6.70167723988798,-0.645627779065471,0.594524292245635,0.757361253861575,-1.43379202943623,-1.04089745751671,-0.593899024179223,2.235218744183,-0.549463598442481,-0.712382893105428,0.187478895945678,-0.170986473427569,-1.46342764737006,0.0813121964510044,-0.311239742615433,0.41912665874463,-1.39947358274244,-0.527923249153035,0.39017844701803,0.0813121964510044,7.25680538938062,1.54104773941804,1.89885450785262,3.97158150946939,1
"40","DTXSID8062101",1.31573784938368,-1.80906883466736,1.1985142614013,1.9233540761714,-1.36724910973408,1.89087486451184,0.629365999960602,0.381610240966897,0.517154231601001,0.796999837211873,5.87979990247232,3.20101519022283,4.34499729712426,-0.165495904072981,-0.30862751686813,-0.490563539433066,-1.43379202943623,1.77526579885603,-0.593899024179223,-1.20904256940198,-6.63640700315722,-0.712382893105428,0.837382072773321,2.2788702549404,-0.517477674624739,2.32078808428799,3.70796836749182,4.90697086813558,0.42580734151468,2.16908718878125,0.0107942527036131,0.165495904072981,6.63640700315722,1.85818566088298,1.69519773147822,4.0280387571751,1
"41","DTXSID90190949",0.61112570287107,-0.455993153877762,1.50608373972516,-0.668728216695596,-1.36724910973408,14.7010793115857,3.08569245014458,1.9754652188128,2.56562430810746,3.29354009796344,7.95122339814111,4.46130820635194,5.62338495756009,13.5718871271739,-0.360318242139723,-0.490563539433066,-1.43379202943623,1.25938222781705,-0.593899024179223,-1.20904256940198,-0.549463598442481,-0.712382893105428,0.632866154691685,-1.2060579092902,-1.46342764737006,-0.0447113246912931,3.03611772814816,5.38947980172012,-0.809833516609711,1.8846170804599,0.0219136168927262,0.0447113246912931,14.7010793115857,2.76381134285603,3.5961330373265,7.36686163063395,1
"42","DTXSID9059832",0.452650561740495,0.0612472393150792,-0.801200886547295,-0.255653880484989,-1.36724910973408,2.04709586473896,0.636780699744694,0.232335784977848,0.668739052275711,0.428244902111285,7.50297110063702,4.55308256984232,5.47172629270877,-0.261468961880353,0.237101988717922,-0.490563539433066,-1.43379202943623,0.228215792987644,-0.593899024179223,2.20121508734452,-7.20044028622729,-0.712382893105428,0.586426254511179,0.559320764164144,-1.46342764737006,1.19713611318423,1.60897924766228,2.55679186570069,-0.659079712696499,0.669189316275966,0.0434187039958204,0.0612472393150792,7.50297110063702,1.57128028232451,1.99333291420258,4.12274641250381,1
"43","DTXSID90880156",1.84215928080599,-1.02388756186551,2.26062463169505,0.65281775062844,-1.36724910973408,4.6813145650924,1.44190214292854,0.591851561891239,1.31013955665906,1.39080201019394,7.3050787388836,4.014904171464,5.12642468307019,4.91209593394396,-0.152314249855248,-0.490563539433066,-1.43379202943623,1.54657750283727,-0.593899024179223,-1.20904256940198,-5.18140503997939,-0.712382893105428,0.718970001972754,1.15539886281303,-1.46342764737006,1.09842924010578,2.96214223728056,4.46872198122487,-0.336063950157793,2.13713301223008,0.0109054962957396,0.152314249855248,7.3050787388836,2.11938384934129,1.83346455598069,4.46621848099658,1
"44","DTXSID7029904",1.65790218797661,-1.84783950145887,0.987281726502502,1.1657302613779,-1.36724910973408,2.57190471893598,0.844076070527897,0.332974683802644,0.925952971643691,1.02447850323944,7.63679807117688,4.44990391372868,5.35973960843052,-0.203884413858907,0.223044531060235,-0.490563539433066,-1.43379202943623,1.16164811198181,-0.593899024179223,1.94309641952514,-6.60457662476976,-0.712382893105428,0.729448421944946,1.64593895072899,-1.46342764737006,2.06808870413918,3.20043175271729,4.74672243069633,-0.141365125191325,1.69639918687194,0.0094361754656566,0.141365125191325,7.63679807117688,1.97435137118485,1.92034046262152,4.4323871633404,1
"45","DTXSID00192353",1.91752848062052,0.0872702182851854,0.265550206084108,1.2330860131695,-1.36724910973408,2.91251110981403,1.25034962615571,0.306958708922684,0.911083619114051,1.25423216244714,6.95614817107384,3.7592034653758,4.78527973609499,0.475598356015281,0.0254898339255157,-0.490563539433066,-1.43379202943623,1.62710087924981,-0.593899024179223,1.62829352771643,-7.32872048753048,-0.712382893105428,0.781037508631418,1.57450202082874,-1.46342764737006,2.43237863018461,3.65102331661397,5.17085960070192,0.0537351403369497,1.53935609967537,0.0147109050429707,0.0254898339255157,7.32872048753048,1.9329537053942,1.93869356323023,4.4144814663289,1
"46","DTXSID00379268",0.709143755160912,-0.000513622268803482,-0.633264656355722,-1.31275922306202,-1.36724910973408,1.29122083687646,0.20274105790096,-0.609700761252032,-0.202853220747843,0.170676173479515,5.34360459687738,3.29628862400688,4.19667690738145,-0.334668192972042,-0.336540044030748,-0.490563539433066,-1.43379202943623,-0.0112613959157536,-0.593899024179223,2.19668641850194,-4.99287534526869,-0.712382893105428,0.502835944878718,-0.0422479560250656,-1.46342764737006,0.260093542361381,0.161019541531361,0.474946891910128,-0.882532260323198,0.0768679948397411,0.0917016898447072,0.000513622268803482,5.34360459687738,1.14344444023956,1.4514103717387,3.00124971606509,1
"47","DTXSID00379925",1.10222272073388,-1.3940928120828,1.71105449284492,1.18008735004112,-1.36724910973408,4.24142723742909,2.08168344018982,1.27562801945974,1.76422033012985,1.93486583154133,8.7311762101652,4.95943901264843,6.24994559014828,0.311050590783541,0.46963981528673,-0.490563539433066,-1.43379202943623,1.45575152036034,-0.593899024179223,-1.20904256940198,-0.549463598442481,-0.712382893105428,0.724988128461875,2.21548728345263,-1.46342764737006,2.40864984037393,2.65086870833409,4.51725361100098,-0.215659501487109,1.69484044655237,0.00786313067479718,0.215659501487109,8.7311762101652,2.03699509682035,1.9177135781948,4.4916684769097,1
"48","DTXSID0059829",0.784542071087247,-0.816664235577221,1.68196982553738,0.319492593261784,-1.36724910973408,3.95298754600461,1.81750862456098,1.07854308389799,1.55040259843659,1.64861454603088,9.27334998114192,5.35116433839833,6.60408932721946,-0.075367798961018,0.729119808481886,-0.490563539433066,-1.43379202943623,1.02448185604545,-0.593899024179223,-1.20904256940198,-0.549463598442481,-0.712382893105428,0.631666672029156,2.30396202796071,-1.46342764737006,2.26191459204293,2.00266521319676,3.57931303687278,-0.41159595424879,1.17188306933697,0.00683386289049845,0.075367798961018,9.27334998114192,1.89637064038111,2.02987843494497,4.49461503711068,1
"49","DTXSID0060985",0.18449459672455,0.601205725574965,-0.145512616317798,0.835899231016826,-1.36724910973408,10.3263211390766,2.83214359517617,1.78504354830809,2.42571741152304,4.03628651824041,5.55396343719479,3.15836277199837,4.52284519064222,0.886115768638969,-0.522704958188466,-0.490563539433066,-1.43379202943623,-0.135693611686466,-0.593899024179223,-1.20904256940198,-0.549463598442481,-0.712382893105428,0.580073667760826,0.105903438136772,-1.46342764737006,0.675347364048311,0.776160668602499,1.67140802438036,-0.978172115737111,-0.372049217196134,0.140382430757986,0.105903438136772,10.3263211390766,1.69770816757574,2.12737603028648,4.42074948634244,1
"50","DTXSID00880026",-1.25856721708155,1.10432684644284,-0.668114989631594,0.678759397155401,-1.36724910973408,3.48865613566286,1.52587390122815,0.985596931049213,1.37558185618291,1.43339846781315,8.47484169247063,5.09947090033757,6.20083235270812,-0.171314272589182,0.462016998275419,-0.490563539433066,-1.43379202943623,0.828298496698136,-0.593899024179223,2.57352421731057,-0.549463598442481,-0.712382893105428,0.647737868305525,1.9018772762912,-1.46342764737006,2.23732960878547,2.10201779057008,3.43204195701092,-0.41159595424879,1.09394605335852,0.0151481647374471,0.171314272589182,8.47484169247063,1.82554996743028,1.86671457433863,4.21494462258373,1
"51","DTXSID1032646",2.24712284159852,-1.67209951518768,0.810371577984389,1.22950002532372,-1.36724910973408,2.72803921187504,0.993366883482697,0.511001760999415,1.16775994787675,1.15163974679573,6.91784181519453,4.01090631912563,5.01239420707704,0.421702526914347,0.172227716027022,-0.490563539433066,-1.43379202943623,0.907253359739468,-0.593899024179223,1.67842648598008,-3.25998829516198,-0.712382893105428,0.811885493417737,2.20663772656711,-1.46342764737006,2.5802962408945,3.52171349968518,4.48650513751567,0.0537351403369497,1.52454806663946,0.0047043507735402,0.0537351403369497,6.91784181519453,1.87127592615529,1.59848199340689,3.91733287771611,1
"52","DTXSID1037303",-0.300227321676063,1.69582357874009,-0.666358394010529,0.132400925524827,-1.36724910973408,3.40895104750382,1.46202332905262,0.931443769200262,1.29175081870614,1.25378884155265,8.33415051011933,5.09497864264306,6.24898328705429,-0.19448805381353,0.427794107823056,-0.490563539433066,-1.43379202943623,0.525418087965823,-0.593899024179223,2.58762027869089,-0.549463598442481,-0.712382893105428,0.593497580872781,1.526554436982,-1.46342764737006,1.89615690580302,1.52671760584791,2.58528805249618,-0.607342615090976,0.750633497973447,0.0166443844616656,0.132400925524827,8.33415051011933,1.68843898436146,1.86735253765612,4.07865023256129,1
"53","DTXSID1067629",1.42439089704869,-1.6745117509784,0.741294816559213,1.20263828175213,-1.36724910973408,3.09355054252186,1.24072493750236,0.850174835702625,1.19299784728091,1.28529196471743,7.51106466625172,4.42505415376039,5.51619296513635,0.493163886742381,0.356556469158554,-0.490563539433066,-1.43379202943623,0.721272488581786,-0.593899024179223,1.90099587619558,-0.549463598442481,-0.712382893105428,0.774705785282126,2.23594513919272,-1.46342764737006,2.70644207538634,3.34419095874501,4.55311571912489,-0.0849606654289449,1.35971127784504,0.00556874293304338,0.0849606654289449,7.51106466625172,1.8433241947532,1.71097172427532,4.03336800182561,1
"54","DTXSID20179883",0.353378496554597,0.9216663302078,-0.764214265053867,-0.0124780848142358,-1.36724910973408,2.39045867640354,0.843666829312681,-0.0441711022615095,0.45921243512379,0.844666623556648,6.31936158360249,3.65380036815728,4.45245875572417,1.34621753947666,-0.0899428174394584,-0.490563539433066,-1.43379202943623,0.471878862559497,-0.593899024179223,1.5187496872944,-6.66300898389475,-0.712382893105428,0.712337978258826,0.929278570021351,-1.46342764737006,1.59224900331364,2.39331671159044,3.32222512283268,-0.336063950157793,0.691011680749932,0.0362715347924661,0.0124780848142358,6.66300898389475,1.572904290054,1.71176254836989,3.76396035196746,1
"55","DTXSID20375106",-0.267912876464576,2.03061931555907,-1.01579052152972,0.535259747112212,-1.36724910973408,2.35901604212888,0.738938941452545,0.769629182175276,1.36965338724191,1.05847437802194,5.73351642385674,4.31149667612678,5.71160654772816,-0.500039281952334,-0.0215405745212356,-0.490563539433066,-1.43379202943623,-0.54717807694203,-0.593899024179223,2.64511421683513,-0.549463598442481,-0.712382893105428,0.549100217860152,0.762292890111327,-1.46342764737006,1.45383106275133,1.14758969044545,1.96894785720083,-0.479184660080419,-0.839281627986945,0.148075379043123,0.0215405745212356,5.73351642385674,1.44755973459285,1.44526526401661,3.29749927253412,1
"56","DTXSID20874028",0.364896960898403,0.0189583055376403,-0.584784079525347,0.329648203213859,-1.36724910973408,1.77041893937434,0.632669947328411,-0.053965380326044,0.463010200690344,0.577597274841339,6.31511294155888,3.73695874386858,4.63575931164726,-0.255726003531694,-0.162903767855746,-0.490563539433066,-1.43379202943623,0.594499421548873,-0.593899024179223,2.16288369236296,-6.02552008710283,-0.712382893105428,0.63540254186425,0.698785903129094,-1.46342764737006,1.16627237798374,1.47920882772386,2.15075817344764,-0.510066390017969,0.763493105609891,0.0289438986640189,0.0189583055376403,6.31511294155888,1.40502049414157,1.65352371821557,3.52153085345749,1
"57","DTXSID3031860",0.82466709793977,0.400921540679559,0.233170554248107,1.21548521414645,-1.36724910973408,3.56836122382189,1.61650051979986,1.05734987049906,1.48037065302886,1.61300809407366,8.67708526710062,5.105847008033,6.13441727085136,-0.138015927274802,0.512838431441797,-0.490563539433066,-1.43379202943623,1.43405931416276,-0.593899024179223,2.55516224261779,-0.549463598442481,-0.712382893105428,0.736905675672912,2.62467626399535,-1.46342764737006,2.847510138522,3.25883543255146,5.13527440722374,-0.0195936290656606,1.78057116412867,0.00730598230855852,0.0195936290656606,8.67708526710062,1.98604682608599,2.00284565108598,4.54968925947605,1
"58","DTXSID3031862",0.125239836600614,-0.437141307590921,-0.619090397172144,-0.311965435415883,-1.36724910973408,3.24954087118575,1.37800941829535,0.855137041140378,1.166004262491,0.89456958903163,8.15125197306265,5.08906777725556,6.31412866881674,-0.224625886372113,0.384679555756096,-0.490563539433066,-1.43379202943623,0.222537679233509,-0.593899024179223,2.60732694344955,-0.549463598442481,-0.712382893105428,0.523286542140396,1.13895370541226,-1.46342764737006,1.5250989744164,0.95547702441003,1.76183904496321,-0.802794654479568,0.407320942588372,0.0385063045501364,0.125239836600614,8.15125197306265,1.52519551243269,1.87267081145386,3.92221415109363,1
"59","DTXSID3031864",1.60903289058819,0.136166331597444,-0.580504071430702,1.17659623773143,-1.36724910973408,3.89546639815819,1.86647128206384,1.02946939419797,1.50163056056761,1.62683486312067,8.30844790464602,4.64967036066531,5.83994656706331,0.648157620418577,0.445446916077791,-0.490563539433066,-1.43379202943623,1.42085805724824,-0.593899024179223,2.05303987347285,-0.549463598442481,-0.712382893105428,0.71374790787143,2.07006528788644,-1.46342764737006,2.79002286423839,3.02933661329292,4.61181645432417,-0.22019345047698,1.26034158247251,0.00919536616401629,0.136166331597444,8.30844790464602,1.93646804437705,1.85871101324667,4.31561814133279,1
"60","DTXSID3037707",-1.26800347073734,0.70660100945889,-0.548546664507059,-1.35718194066367,-1.36724910973408,2.94228757475112,1.77637235374513,0.775596018848688,1.14990278096867,0.310205785089373,7.47843044741188,4.30891005753686,5.80907207157653,1.06726183972711,0.29306169245509,-0.490563539433066,-1.43379202943623,0.209336422318984,-0.593899024179223,2.12601590561638,-0.549463598442481,-0.712382893105428,0.481025992265329,0.570217013720896,-1.46342764737006,1.43927577415612,0.783968277026934,1.4145127492534,-1.00638020532062,-0.112908639067786,0.0517376381781699,0.112908639067786,7.47843044741188,1.48486175093081,1.6578377364494,3.60689405358605,1
"61","DTXSID3037709",-1.19399811165994,0.0598113102102238,-0.577781494732829,0.124224869420031,-1.36724910973408,3.99608339696912,1.83317385203301,0.942617976315323,1.39171562944294,1.41959937303627,7.99719135818321,4.52373720516131,5.8288173884576,0.806160123251712,0.383243666784722,-0.490563539433066,-1.43379202943623,0.815097239783611,-0.593899024179223,2.07756542611368,-0.549463598442481,-0.712382893105428,0.617068668744788,1.34173651446747,-1.46342764737006,2.1682225662956,1.89442960275982,2.93179612129518,-0.613286827898801,0.573716471702364,0.00917127637530688,0.0598113102102238,7.99719135818321,1.69072843454734,1.77729529429079,3.96566641123955,1
"62","DTXSID30382063",-0.415653875435436,0.293829340327855,-0.668153100025276,-0.384892561608383,-1.36724910973408,2.46199687479606,0.790986662683757,1.00786479595822,1.34574211490537,1.35262639506713,7.34028210015742,5.23687951908391,7.60089181273744,-0.453552977548861,0.504192232683312,-0.490563539433066,-1.43379202943623,-0.145562373626902,-0.593899024179223,2.69692342489085,-0.549463598442481,-0.712382893105428,0.480496982054566,0.915739419040359,-1.46342764737006,1.14038271899786,0.773946766459487,1.23275248533447,-0.698511591057634,-0.292553460898115,0.0928507351027423,0.145562373626902,7.60089181273744,1.49483971423597,1.89850336907196,3.92492402664808,1
"63","DTXSID3038939",1.29248905569753,-1.68061764457338,-0.0549495398978237,1.1796651310106,-1.36724910973408,3.58806587222049,1.62497167608782,0.895157165854342,1.35823851631127,1.46611555367032,8.21910484331999,4.97248768962525,5.74589059882051,0.578268281974657,0.499445376326011,-0.490563539433066,-1.43379202943623,0.596983298346442,-0.593899024179223,2.40177700418048,-0.549463598442481,-0.712382893105428,0.727230159547344,2.14293232245592,-1.46342764737006,2.66897341931071,3.11179057121615,4.58308275612514,-0.22019345047698,1.20773409668706,0.0107765669884798,0.0549495398978237,8.21910484331999,1.91423139551456,1.85865945757359,4.29331550120875,1
"64","DTXSID3059921",1.33534524341165,-0.706392737266633,1.31863834160569,1.25280711769473,-1.36724910973408,3.63212529434912,1.72188030883674,1.13405128853166,1.58515944987479,1.75669579508206,8.91610040075422,5.11326108674862,6.05990278876817,-0.0986845736883406,0.575405036750551,-0.490563539433066,-1.43379202943623,2.64558094909202,-0.593899024179223,2.53690459732667,-0.549463598442481,-0.712382893105428,0.856350639707178,3.99600926861804,-1.46342764737006,3.85749223678696,5.58352203154844,8.50754393246368,0.765385890871739,3.15382138566897,0.0256336362052374,0.0986845736883406,8.91610040075422,2.45732794123824,2.32495294254575,5.4332677076968,1
"65","DTXSID30627108",1.28171834196966,0.582555990997097,-0.717884600023079,0.971176029114477,-1.36724910973408,2.73932286520435,1.03540759617979,0.208704520192458,0.732387923214382,1.13881289913179,6.84381226039623,3.90023599403617,4.70434711478469,1.13276952301058,0.00849085464919154,-0.490563539433066,-1.43379202943623,1.07763968002412,-0.593899024179223,1.5046438664856,-7.19191633442873,-0.712382893105428,0.78563041782803,1.61751857595338,-1.46342764737006,2.27907923209499,3.67535750472877,5.14879147718131,0.0537351403369497,1.37763679152008,0.0230577988048346,0.00849085464919154,7.19191633442873,1.89236299255813,1.89908784335698,4.32319543205507,1
"66","DTXSID30891564",0.345159571818173,0.419043061523887,-0.54337437861237,-0.321506795142396,-1.36724910973408,1.79014905861044,0.862299989098516,-0.323066664911207,0.248343550774559,0.471782607921914,5.65748521136215,3.0427457307385,4.17437012438964,0.701459717222813,-0.193097731691805,-0.490563539433066,-1.43379202943623,0.415579244320556,-0.593899024179223,1.66692490116607,-5.99149424658544,-0.712382893105428,0.604513046653875,0.178304461933217,-1.46342764737006,0.98569710294678,1.1011681105897,1.60948182847455,-0.723332499963503,0.166105878135067,0.0607913802266003,0.166105878135067,5.99149424658544,1.28659332526151,1.51236546657048,3.22242112247172,1
"67","DTXSID40187142",0.779291749854825,-1.35759730730362,0.731690962899578,0.638447109351078,-1.36724910973408,4.38151519305339,2.09262994139913,1.27129738975475,1.75883502775863,1.92467632743587,8.63250046452535,4.93781712380067,6.29929485233688,0.344637848735925,0.438219475892429,-0.490563539433066,-1.43379202943623,1.15287111162803,-0.593899024179223,-1.20904256940198,-0.549463598442481,-0.712382893105428,0.685138121368431,1.85261709274886,-1.46342764737006,2.08374481288025,2.08811640183898,3.69830295500341,-0.41159595424879,1.3515278911673,0.00929491900795713,0.344637848735925,8.63250046452535,1.89107285086962,1.90761868960821,4.33282477356814,1
"68","DTXSID40380257",-0.131993844446378,0.0141027590329062,-0.620829123434575,-1.52783542937572,-1.36724910973408,3.18100789258276,0.854746326720532,0.523983090270842,0.193884371693895,0.481326408377751,5.66097994541459,3.54400153507207,5.03255807959286,-0.206681419226343,-0.454290007988553,-0.490563539433066,-0.980192369214586,-0.153242844876198,-0.593899024179223,2.3550258029314,-0.549463598442481,-0.712382893105428,0.572645203704193,0.296431977404868,0.747422234061315,0.741029632751074,0.1444573781096,0.812680605452042,-0.882532260323198,0.00984216109827373,0.11173311546176,0.00984216109827373,5.66097994541459,1.12790936226836,1.4255541339984,2.95261865378631,0
"69","DTXSID4059833",-0.156989552626035,0.396074703379557,-0.84015343828206,-0.281984995702464,-1.36724910973408,2.10395364376104,1.13051592096113,0.812793699679349,1.00706574084604,0.622146492953765,6.05183093058093,4.08277075014293,4.60522753302012,-0.350860223737109,-0.259711132575536,-0.490563539433066,-1.43379202943623,-0.481958432813932,-0.593899024179223,2.54951993824211,-0.549463598442481,-0.712382893105428,0.542571977672038,0.62929054194666,-1.46342764737006,1.47523589892076,0.921487745188968,1.76449166886699,-0.787412635082689,-0.543900337428618,0.100187601837478,0.156989552626035,6.05183093058093,1.30029085920371,1.37276594783957,3.05743127243836,1
"70","DTXSID4059916",-0.637716468282658,0.381003069033833,-0.61773225446102,-1.45686218581502,-1.36724910973408,-0.719228057744547,1.09365464342459,0.544040380588539,0.537271481415286,-1.68580845061606,7.55029963701927,5.06906177132861,6.55102096613476,-0.323745042678941,0.253880149248023,-0.490563539433066,-1.43379202943623,-0.383223138231118,-0.593899024179223,2.68035752461401,-0.549463598442481,-0.712382893105428,0.336807094680268,0.312312644297442,-1.46342764737006,0.667070827396132,-0.152373082551121,0.30371983973534,-1.1917847914969,-0.279304168181778,0.246930115290807,0.152373082551121,7.55029963701927,1.34463518368919,1.82711915980549,3.68334770824022,1
"71","DTXSID40880025",0.0403616482576237,1.10432684644284,-0.668114989631594,0.678759397155401,-1.36724910973408,3.48865613566286,1.52587390122815,0.985596931049213,1.37558185618291,1.43339846781315,8.47484169247063,5.09947090033757,6.20083235270812,-0.171314272589182,0.462016998275419,-0.490563539433066,-1.43379202943623,0.828298496698136,-0.593899024179223,2.57352421731057,-0.549463598442481,-0.712382893105428,0.647737868305525,1.9018772762912,-1.46342764737006,2.23732960878547,2.10201779057008,3.43204195701092,-0.41159595424879,1.09394605335852,0.00674945312908073,0.0403616482576237,8.47484169247063,1.78494311513615,1.89254468504181,4.20740031198966,1
"72","DTXSID50226894",0.752233590315026,0.887251690744581,-0.583138634187531,1.13269591776548,-1.36724910973408,3.19283174930057,1.37666632537059,0.888302661235165,1.29280515371725,1.37000400497509,8.1023472205104,4.7988683536,5.74418364849997,-0.171505616047341,0.322948309425384,-0.490563539433066,-1.43379202943623,0.989488275058588,-0.593899024179223,2.5465399780175,-0.549463598442481,-0.712382893105428,0.696386035401286,1.76859281540343,-1.46342764737006,2.34031744909781,2.63511584349584,3.94899016363341,-0.206316890278641,1.23618110751919,0.0112577700282805,0.171505616047341,8.1023472205104,1.78648297584335,1.79651218978055,4.08601857876245,1
"73","DTXSID5030030",0.268845089566278,0.70660100945889,-0.548546664507059,-1.35718194066367,-1.36724910973408,2.94228757475112,1.77637235374513,0.775596018848688,1.14990278096867,0.310205785089373,7.47843044741188,4.30891005753686,5.80907207157653,1.06726183972711,0.29306169245509,-0.490563539433066,-1.43379202943623,0.209336422318984,-0.593899024179223,2.12601590561638,-0.549463598442481,-0.712382893105428,0.481025992265329,0.570217013720896,-1.46342764737006,1.43927577415612,0.783968277026934,1.4145127492534,-1.00638020532062,-0.112908639067786,0.0666497023423786,0.112908639067786,7.47843044741188,1.45155647155845,1.67231766295885,3.59212308014577,1
"74","DTXSID50375114",1.08081011101,-0.27195204398316,-0.0589425981084557,1.24954492797523,-1.36724910973408,3.32695401633121,1.21083497123996,0.982362241936505,1.65807372642387,1.74446414155292,8.15193836048755,5.22748341670421,6.98421662391065,-0.301371627297664,0.610516523364565,-0.490563539433066,-1.43379202943623,1.33622984797062,-0.593899024179223,2.65639494915189,-0.549463598442481,-0.712382893105428,0.701163150663496,3.05582085266893,-1.46342764737006,2.71378087635871,3.66859626037163,4.67978251059078,0.405261790043072,1.21513811320501,0.0122544134856927,0.0589425981084557,8.15193836048755,1.99674705076835,2.00015641733624,4.55694726495875,1
"75","DTXSID50379814",0.197537679056553,0.132525559235166,-0.667196467898497,-0.58870180027679,-1.36724910973408,4.74626366676589,1.51207153609935,0.67479888995905,1.34266026111409,1.45359929660703,7.2190589163173,4.42977021950555,6.35921578131029,0.910523461627748,0.383351330244789,-0.490563539433066,-1.43379202943623,0.176726600254935,-0.593899024179223,2.14623735671976,-0.549463598442481,-0.712382893105428,0.489707414402027,0.685777964824377,-1.46342764737006,1.41713705788945,0.902508838743756,1.4496678450339,-0.867849899576407,-0.321779841890034,0.0550380837396284,0.132525559235166,7.2190589163173,1.52284818423511,1.78318073448848,3.80531952438036,1
"76","DTXSID50381073",0.766321165438256,0.679164333999567,-0.622538987542567,1.15735697284256,-1.36724910973408,3.18436124879909,1.19202825196095,0.925671085439497,1.51060009543717,1.68582677010311,8.0516652399095,5.20205772053281,6.91803395397266,-0.305076448796094,0.549920567144455,-0.490563539433066,-1.43379202943623,0.763078852570038,-0.593899024179223,2.66446538881776,-0.549463598442481,-0.712382893105428,0.623905076854697,2.14295673470786,-1.46342764737006,2.16973109760659,2.28064569369774,2.78877877738946,-0.126828583106836,0.73738420525711,0.0140829715837846,0.126828583106836,8.0516652399095,1.78863916978756,1.88336461193948,4.1993458730701,1
"77","DTXSID50469320",0.339571975999721,-0.156057355961429,-0.996080856109802,0.158345308167683,-1.36724910973408,3.5118628569917,1.53268673748094,0.772354650362743,1.20418021257405,1.19005457571158,7.89885622399745,4.93250608117391,5.71017445884364,0.713173690745403,0.453966402793515,-0.490563539433066,-1.43379202943623,-0.00877751911818475,-0.593899024179223,2.31654457736544,-0.549463598442481,-0.712382893105428,0.636514816239194,1.40897969921893,-1.46342764737006,2.03074236141309,1.95500898583785,2.8709972022828,-0.613286827898801,0.521108985916909,0.0376086707330964,0.00877751911818475,7.89885622399745,1.61808700679684,1.78944059823653,3.90857097253961,1
"78","DTXSID5061954",1.22122698126759,0.345204986072526,0.34331422375739,1.24420678802599,-1.36724910973408,3.3456716495404,1.48562722627848,0.972477178231129,1.40434557368379,1.5420678168664,8.35111182679385,4.85772937180541,5.76961661260631,-0.141059853055552,0.389361988141634,-0.490563539433066,-1.43379202943623,1.59524909252322,-0.593899024179223,2.53713609747829,-0.549463598442481,-0.712382893105428,0.773000953874408,2.47149335510853,-1.46342764737006,2.9361465458217,3.81700379150824,5.67848897836314,0.183964777568565,1.92280621828934,0.00520261492580862,0.141059853055552,8.35111182679385,1.99796965761208,1.9594070074125,4.50601062710009,1
"79","DTXSID50892417",-0.48867973783298,1.37629437459267,-0.62729886792876,-1.46691231830365,-1.36724910973408,-0.823130821245417,0.664229665588177,0.167963044635009,0.0379754290935864,-1.98912819239028,6.54756843123882,4.41400784994929,5.55921663681757,-0.361804662398079,-0.0252435127428175,-0.490563539433066,-1.43379202943623,-0.524913768602979,-0.593899024179223,2.62471517706014,-0.549463598442481,-0.712382893105428,0.335300420029359,-0.165811174334709,-1.46342764737006,0.33311461203652,-0.321339047694001,-0.126048224360962,-1.16491169086522,-0.48038166940618,0.317706091430984,0.0252435127428175,6.54756843123882,1.24122557236159,1.59251135170526,3.27964010254432,1
"80","DTXSID6027426",1.2209490636424,-1.96218826271349,0.759754648547455,1.29253517118349,-1.36724910973408,1.88803828727192,0.53214954840077,0.414889574362381,0.917313826264568,0.619883020464539,5.90178217132023,3.42291055007205,4.44795225810202,0.257542140563229,0.00105178288894794,-0.490563539433066,-1.43379202943623,0.766468557758275,-1.13051426632516,1.51044120795349,-3.86238564314893,-1.63923972483521,0.959853759792437,1.90639446794931,-1.46342764737006,2.61470706323164,3.83842612637356,4.36497384416988,0.405261790043072,1.3413960790901,0.011453268043606,0.00105178288894794,5.90178217132023,1.7578011720814,1.45907922705231,3.62542258270836,1
"81","DTXSID60380390",0.569490123032808,-0.860720996026863,-0.989953141706369,0.0434312362954287,-1.36724910973408,2.89810671109787,1.45609853338667,0.683679925093656,1.5103318971137,1.05067836410101,7.41226482147795,4.1060921021279,6.00058625411536,0.780476676823917,0.310659678860154,-0.490563539433066,-1.43379202943623,0.330383700419306,-0.593899024179223,-1.20904256940198,-7.13447833032258,-0.712382893105428,0.650801068077275,1.16917488680208,-1.46342764737006,1.7271198567393,1.61725996157734,2.40809610327082,-0.530167360281445,0.429922677222122,0.0387374111665541,0.0434312362954287,7.41226482147795,1.7313443739544,1.93247780863332,4.20491596900505,1
"82","DTXSID60500450",-0.284215895226032,0.203915740280291,-0.619842561707279,-1.37908890991661,-1.36724910973408,2.98970391706263,1.0128707230698,1.0001044065647,1.00072455709924,0.849266514479635,7.60638825257645,5.16349637473748,7.05562357238159,-0.364414119124314,0.41440719685195,-0.490563539433066,-1.43379202943623,-0.112952551562853,-0.593899024179223,2.6368514543965,-0.549463598442481,-0.712382893105428,0.482606326565839,0.845668403866113,-1.46342764737006,1.13960806778411,0.456658382568858,0.699857127657028,-0.851282138038542,-0.144862815618951,0.078822977682052,0.112952551562853,7.60638825257645,1.46417292836125,1.88928701485001,3.88246030736926,1
"83","DTXSID6062599",-0.680121948491569,-0.0167203101893116,-0.618158594057231,-1.3674243208932,-1.36724910973408,2.53096856752821,1.26249029100411,0.739586852935408,0.956426668799096,0.120137265212115,7.90380101116244,5.08094033734773,6.40719349990596,-0.265422043303634,0.328806810456945,-0.490563539433066,-1.43379202943623,-0.0803427294988044,-0.593899024179223,2.63607075819358,-0.549463598442481,-0.712382893105428,0.445180528237246,0.735758584926727,-1.46342764737006,1.11812168938165,0.39219077174449,1.0242443067883,-0.997752641481459,0.0640083872032968,0.0847636906222432,0.0167203101893116,7.90380101116244,1.41275489201477,1.8611097849399,3.79497541673784,1
"84","DTXSID60663110",0.412712021170067,0.326743931822025,-0.619085029036875,0.136511266178182,-1.36724910973408,3.40486687629362,1.26884655979473,0.962265843636023,1.38101904008081,1.48093198254435,8.09315971205665,5.15538796135308,6.73840155457297,-0.271462955354235,0.479786535937684,-0.490563539433066,-1.43379202943623,0.492808265901774,-0.593899024179223,2.59743812487918,-0.549463598442481,-0.712382893105428,0.623896740604928,1.66450489609975,-1.46342764737006,1.90137560871671,1.4288798826767,1.94502224673311,-0.4655492335511,0.595149151096437,0.0171177813243647,0.136511266178182,8.09315971205665,1.63521944205972,1.89470405619751,4.06044063399254,1
"85","DTXSID6067331",0.59662838628023,0.236880007118731,-0.576203819894502,0.685952457172785,-1.36724910973408,2.6067885009418,1.09646787352958,0.0675490668658113,0.670087230626965,0.98498396839181,6.43668298718917,3.47509091543342,4.54646961515562,0.566654463363229,-0.0734063629912769,-0.490563539433066,-1.43379202943623,1.02134006178518,-0.593899024179223,1.64239934852524,-6.7998131369965,-0.712382893105428,0.706335068588955,0.888254792497878,-1.46342764737006,1.76683092422316,2.38883095398889,3.36701090239949,-0.336063950157793,0.852730988905217,0.0248439705255856,0.0675490668658113,6.7998131369965,1.61502566754271,1.72536253040291,3.82348970645843,1
"86","DTXSID60892443",0.560410389199483,-0.106153572224824,0.345895864035467,1.2482641766245,-1.36724910973408,3.84973139869867,1.88835245036981,1.0827009083841,1.56443909263883,1.72103281315904,8.51595226895455,4.73242643428223,5.84708917422817,0.542263671468195,0.4902848255063,-0.490563539433066,-1.43379202943623,2.02661887471287,-0.593899024179223,2.03893405266405,-0.549463598442481,-0.712382893105428,0.78593922349571,2.76936460488424,-1.46342764737006,3.33293105172815,4.17455106063015,6.30259986234113,0.17289992694484,1.94696669324266,0.00753688431768044,0.106153572224824,8.51595226895455,2.08855267440395,2.0498057370056,4.71230401777111,1
"87","DTXSID70165670",0.20270632873558,0.280397376095955,-0.583700552259142,-0.188775912272591,-1.36724910973408,2.83620531540765,1.20827220578565,0.746953000619285,1.09203239777746,0.968521777228708,7.72379238486167,4.70790132546437,5.70349090592984,-0.217837228234869,0.22767040995903,-0.490563539433066,-1.43379202943623,0.383727457593961,-0.593899024179223,2.56289034644472,-0.549463598442481,-0.712382893105428,0.592533309096199,1.03452846401926,-1.46342764737006,1.6477384928881,1.4491625929156,2.2139804458455,-0.594683643370608,0.549555996749044,0.0195908315271556,0.188775912272591,7.72379238486167,1.47759452370851,1.7382053618861,3.70249738692272,1
"88","DTXSID70191136",-0.469485432280196,1.47710098231353,-0.619980474259027,-1.54452911742877,-1.36724910973408,3.459596174749,0.802604857188618,0.880993524027524,0.782791583091831,0.636121755448737,7.21697108499231,5.17015685716037,7.36235334159409,-0.438931527017881,0.372768566011899,-0.490563539433066,-1.43379202943623,-0.415832960295167,-0.593899024179223,2.68503602404099,-0.549463598442481,-0.712382893105428,0.374232893008861,0.402866481440496,-1.46342764737006,0.699320780558072,-0.0121381666568032,0.368412691473609,-1.04103306503825,-0.488175371004025,0.185038402102519,0.0121381666568032,7.36235334159409,1.47774038509269,1.8984520638686,3.9077590268445,1
"89","DTXSID7027831",1.05308068310625,-1.51662289932647,0.752038633159103,1.27117847261968,-1.36724910973408,2.360319032933,0.701628642835848,0.626570493776576,0.751168374232539,0.943480631010358,6.31937724459637,3.72048283096671,4.82101370631104,0.304840190825141,0.110458072946503,-0.490563539433066,-1.43379202943623,0.580487686600593,-1.21187995996541,1.62172590306125,-3.91444467322187,-1.7797768231057,0.905854540303839,1.94522958041794,-1.46342764737006,2.73008932296399,3.70494086279138,4.42543946122611,0.260492408919423,1.17655929029568,0.0128760726811757,0.110458072946503,6.31937724459637,1.80880709158307,1.53719321734324,3.77641440978243,1
"90","DTXSID70379917",0.840175713286528,0.781642811596314,-0.583501540357048,0.159806376641654,-1.36724910973408,2.16188943152746,0.778538677669869,0.118234315172149,0.653256892529825,0.856523289192006,6.65011581903526,3.88647182025022,4.77930548227262,-0.228547195973075,-0.0926149214724679,-0.490563539433066,-1.43379202943623,0.897379830281187,-0.593899024179223,2.15245420110245,-6.38306545180937,-0.712382893105428,0.689642829296994,1.05585733664185,-1.46342764737006,1.55910208558841,2.12608794881744,3.05849434208663,-0.319187816791815,1.10680566099497,0.0263466247728338,0.0926149214724679,6.65011581903526,1.59933386778819,1.72411485987539,3.80620088842869,1
"91","DTXSID7040150",-0.222953309565218,0.0598113102102238,-0.577781494732829,0.124224869420031,-1.36724910973408,3.99608339696912,1.83317385203301,0.942617976315323,1.39171562944294,1.41959937303627,7.99719135818321,4.52373720516131,5.8288173884576,0.806160123251712,0.383243666784722,-0.490563539433066,-1.43379202943623,0.815097239783611,-0.593899024179223,2.07756542611368,-0.549463598442481,-0.712382893105428,0.617068668744788,1.34173651446747,-1.46342764737006,2.1682225662956,1.89442960275982,2.93179612129518,-0.613286827898801,0.573716471702364,0.00717111746484122,0.0598113102102238,7.99719135818321,1.65836027447751,1.79540380819919,3.95647714897248,1
"92","DTXSID70565479",0.488445504451693,1.07401977122223,-0.583123796917108,0.678796177690005,-1.36724910973408,3.05909683659073,1.30257291275322,0.827887080488055,1.20914983874234,1.2194481695702,7.93490950474269,4.75884286122032,5.72649115173035,-0.191998280286719,0.279955003545478,-0.490563539433066,-1.43379202943623,0.686607866326275,-0.593899024179223,2.55349297219117,-0.549463598442481,-0.712382893105428,0.647068235127343,1.40625551486805,-1.46342764737006,2.00811439174827,2.04266831842012,3.07960941473956,-0.400844072905149,0.892868552134118,0.0172463799012237,0.191998280286719,7.93490950474269,1.65543480233706,1.74879238493135,3.89388905504919,1
"93","DTXSID80108992",1.60903289058819,0.136166331597444,-0.580504071430702,1.17659623773143,-1.36724910973408,3.89546639815819,1.86647128206384,1.02946939419797,1.50163056056761,1.62683486312067,8.30844790464602,4.64967036066531,5.83994656706331,0.648157620418577,0.445446916077791,-0.490563539433066,-1.43379202943623,1.42085805724824,-0.593899024179223,2.05303987347285,-0.549463598442481,-0.712382893105428,0.71374790787143,2.07006528788644,-1.46342764737006,2.79002286423839,3.02933661329292,4.61181645432417,-0.22019345047698,1.26034158247251,0.00919536616401629,0.136166331597444,8.30844790464602,1.93646804437705,1.85871101324667,4.31561814133279,1
"94","DTXSID8031863",0.494884469872932,0.459965537502151,-0.669470235249933,1.15850586018397,-1.36724910973408,3.53647918855828,1.57604220793749,1.02602112228857,1.43546116866631,1.54116424356946,8.58642435433545,5.10300053138325,6.16379317244186,-0.152940734789102,0.489818037762486,-0.490563539433066,-1.43379202943623,1.13117890543045,-0.593899024179223,2.56309472605006,-0.549463598442481,-0.712382893105428,0.697055668579468,2.26732449825651,-1.46342764737006,2.55326499064625,2.67967366052572,4.28410366163748,-0.215659501487109,1.4372586087436,0.00646257369999039,0.152940734789102,8.58642435433545,1.89444543091995,1.93151602616015,4.36678594440494,1
"95","DTXSID8031865",0.262910363849983,1.10432684644284,-0.668114989631594,0.678759397155401,-1.36724910973408,3.48865613566286,1.52587390122815,0.985596931049213,1.37558185618291,1.43339846781315,8.47484169247063,5.09947090033757,6.20083235270812,-0.171314272589182,0.462016998275419,-0.490563539433066,-1.43379202943623,0.828298496698136,-0.593899024179223,2.57352421731057,-0.549463598442481,-0.712382893105428,0.647737868305525,1.9018772762912,-1.46342764737006,2.23732960878547,2.10201779057008,3.43204195701092,-0.41159595424879,1.09394605335852,0.00621529320531556,0.171314272589182,8.47484169247063,1.79236140565589,1.88589505350226,4.20630707413879,1
"96","DTXSID8037706",-1.98806804815576,0.136166331597444,-0.580504071430702,1.17659623773143,-1.36724910973408,3.89546639815819,1.86647128206384,1.02946939419797,1.50163056056761,1.62683486312067,8.30844790464602,4.64967036066531,5.83994656706331,0.648157620418577,0.445446916077791,-0.490563539433066,-1.43379202943623,1.42085805724824,-0.593899024179223,2.05303987347285,-0.549463598442481,-0.712382893105428,0.71374790787143,2.07006528788644,-1.46342764737006,2.79002286423839,3.02933661329292,4.61181645432417,-0.22019345047698,1.26034158247251,0.00914928270638281,0.136166331597444,8.30844790464602,1.9491025496293,1.85769649864198,4.32695406789104,1
"97","DTXSID8037708",0.684373270730958,1.10432684644284,-0.668114989631594,0.678759397155401,-1.36724910973408,3.48865613566286,1.52587390122815,0.985596931049213,1.37558185618291,1.43339846781315,8.47484169247063,5.09947090033757,6.20083235270812,-0.171314272589182,0.462016998275419,-0.490563539433066,-1.43379202943623,0.828298496698136,-0.593899024179223,2.57352421731057,-0.549463598442481,-0.712382893105428,0.647737868305525,1.9018772762912,-1.46342764737006,2.23732960878547,2.10201779057008,3.43204195701092,-0.41159595424879,1.09394605335852,0.0102974516543065,0.171314272589182,8.47484169247063,1.80641016921859,1.87565069736298,4.20724306184321,1
"98","DTXSID80380256",0.686354686192647,0.00234392270184548,-0.636759567453179,-1.52615486177955,-1.36724910973408,3.18100789258276,0.20274105790096,-0.324470343385886,-0.488076306431198,0.481326408377751,5.34360459687738,3.29628862400688,4.33489621005515,-0.334668192972042,-0.336540044030748,-0.490563539433066,-1.43379202943623,-0.0112613959157536,-0.593899024179223,2.18114346682554,-5.22981830214356,-0.712382893105428,0.597756447886019,-0.0522043395789527,-1.46342764737006,0.268451621246587,0.161019541531361,0.769153881924836,-0.882532260323198,0.13025485078498,0.0917092725726149,0.00234392270184548,5.34360459687738,1.2506714355389,1.51513302382324,3.19004170603264,1
"99","DTXSID80380837",0.773462652462028,0.225678190398167,-0.785263463803564,1.11899849083616,-1.36724910973408,3.06558676660217,0.928855445900827,1.07132312444701,1.61980247222612,1.61891011404979,7.66679137702266,5.2617083622827,7.48833345697638,-0.40860556888965,0.59242997848745,-0.490563539433066,-1.43379202943623,0.427588621773676,-0.593899024179223,2.67141838299143,-0.549463598442481,-0.712382893105428,0.605824981043782,1.86838951114446,-1.46342764737006,1.86035986550443,2.19234781398068,3.08158633909904,-0.168494094716287,0.185200447049788,0.0589668275850582,0.168494094716287,7.66679137702266,1.74325791211296,1.92563237361857,4.20806735034473,1
"100","DTXSID80382154",0.814308199027839,-0.0818804770305189,0.632377386303486,-1.05939788768587,-1.36724910973408,4.62666911539593,2.10670401438253,1.26543830250682,1.7511417386569,1.90684469525132,8.50691315189283,4.91001755242496,6.36382850289122,0.386452904671888,0.399085080801377,-0.490563539433066,-1.43379202943623,0.849990702895712,-0.593899024179223,-1.20904256940198,-0.549463598442481,-0.712382893105428,0.631383193983726,1.48023314401341,-1.46342764737006,1.73221624630345,1.53085356733226,2.88786256344209,-0.607342615090976,1.00821533578223,0.0186454006142127,0.0818804770305189,8.50691315189283,1.778632559629,1.91211801034624,4.22614361287219,1
"101","DTXSID8047553",0.744883881028838,-0.28333855658631,0.295256000483821,1.24763679340383,-1.36724910973408,3.59113410615304,1.64981912956888,1.08234246738609,1.5153002519775,1.66432513014809,8.75220430910604,5.10819116527397,6.11054935080909,-0.125652165702513,0.532207781027389,-0.490563539433066,-1.43379202943623,1.73693972289508,-0.593899024179223,2.54898890524125,-0.549463598442481,-0.712382893105428,0.773492929270623,2.97528174272676,-1.46342764737006,3.12291903056866,3.83903467893982,5.98346428385732,0.176564440667341,2.12388371951374,0.00530200780589733,0.125652165702513,8.75220430910604,2.08647294613455,2.07725966031109,4.74536531133275,1
"102","DTXSID8051419",0.0561058649600877,-1.66697753105783,1.09724343232436,1.33590365552907,-1.36724910973408,1.70054395410336,-0.0890256930945656,-0.167971348111441,-0.478956883228906,0.482091999077982,5.17062215424903,3.24276332086092,4.13593171681971,0.116049493892573,0.0394116731820387,0.757361253861575,-1.43379202943623,0.943677196080015,-0.593899024179223,1.34624167108343,-3.12076757473833,-0.712382893105428,0.947618536678309,2.75686613563857,-1.46342764737006,2.50238263723778,4.02146616283924,4.3849871189107,0.534003283417619,1.36750497944288,0.0778347568744685,0.0394116731820387,5.17062215424903,1.60110753247484,1.42495205710286,3.4250461655665,1
"103","DTXSID8059920",0.912288457675871,0.196799912651364,-0.579759297496195,0.669780269987694,-1.36724910973408,3.9341652438547,1.85174357262713,0.991965372839556,1.45535058956775,1.5471289053959,8.17011166177366,4.59396915726931,5.83506335604243,0.71850516546922,0.417053702339793,-0.490563539433066,-1.43379202943623,1.11797764851592,-0.593899024179223,2.06346936473336,-0.549463598442481,-0.712382893105428,0.671308956177532,1.71022847173569,-1.46342764737006,2.49043670009941,2.46011319233387,3.76722967085907,-0.416740139187891,0.917029027087438,0.0108771140146776,0.196799912651364,8.17011166177366,1.80329985591404,1.80906339837305,4.11890100583155,1
"104","DTXSID8059926",-0.38782777275212,1.48884608313809,-0.943026697776586,-1.38410052520991,-1.36724910973408,0.884808022054086,0.968591762919716,0.682636444963964,0.744508639939153,-0.313608570263298,5.43389390236041,3.88596261765149,4.3110893967016,-0.414701875637225,-0.38196970579178,-0.490563539433066,-1.43379202943623,-0.784838841546246,-0.593899024179223,2.56169170176952,-0.549463598442481,-0.712382893105428,0.472360938939654,0.185912514031423,-1.46342764737006,1.0617352352439,0.336159941249593,0.967050123333609,-0.978172115737111,-0.887212892813692,0.175389209681247,0.185912514031423,5.43389390236041,1.23571613878416,1.23955118425349,2.82234165462863,0
"105","DTXSID8059928",-0.810830263805167,2.11203950503745,-0.841162296967177,-1.48864333621507,-1.36724910973408,-0.77119681206352,0.731933378089958,0.458765966853502,0.219394438125367,-1.52049180115555,4.55112671918824,3.59831996247168,3.84046837859196,-0.506347125040253,-0.52851857623782,-0.490563539433066,-1.43379202943623,-1.08771925027856,-0.593899024179223,2.58131414596811,-0.549463598442481,-0.712382893105428,0.363987505382677,-0.294735786010575,-1.46342764737006,0.602285523256659,-0.198331298983489,0.576350527452584,-1.16491169086522,-1.23052544819877,0.358840295190519,0.198331298983489,4.55112671918824,1.22300591926466,1.09790827678995,2.6283285135558,0
"106","DTXSID8059970",-0.64629828342992,1.49315548446412,-0.618685417823057,-1.34640546757374,-1.36724910973408,-1.04840132406419,0.823517607297363,0.141444702227336,-0.366375312370237,-3.25203461431036,7.00397933152529,5.050056065698,6.80271903203515,-0.413979571072827,0.149522988886736,-0.490563539433066,-1.43379202943623,-0.686103546963431,-0.593899024179223,2.75380542338513,-0.549463598442481,-0.712382893105428,0.214766447956596,-0.13783042599897,-1.46342764737006,0.159796595738912,-0.634000326927165,-0.14362905681522,-1.38374984764557,-0.622616723566853,0.36668137890236,0.13783042599897,7.00397933152529,1.41678838131589,1.82416992506925,3.75172588540453,1
"107","DTXSID90315130",2.52883266256442,-1.41650645595767,1.70519595934726,1.20471854470423,-1.36724910973408,4.5773503910776,2.40176187723542,1.32653570665396,1.81788544729009,2.00000105319783,8.43862292235441,4.49918119742496,5.92307287362783,1.09052995216524,0.415193177212712,-0.490563539433066,-1.43379202943623,1.74543067217813,-0.593899024179223,-1.20904256940198,-0.549463598442481,-0.712382893105428,0.748559216333883,2.03927029073035,-1.46342764737006,2.63921050425607,3.02079484507294,4.75911146980091,-0.22019345047698,1.61534469025436,0.00792172163134492,0.22019345047698,8.43862292235441,2.13177079236733,1.84020187053543,4.48722918665268,1
"108","DTXSID90382620",0.979159274733245,0.477074799445153,0.243975866953302,1.13134232452002,-1.36724910973408,2.42286975962955,0.896174750525883,0.251689079183246,0.795941911409436,1.04247396542578,6.92230565698482,4.00704688184833,4.89315244518239,-0.206480514769241,-0.0316140474811604,-0.490563539433066,-1.43379202943623,1.2002602390135,-0.593899024179223,2.14452171767018,-6.67279874417964,-0.712382893105428,0.729492836390438,1.40615389178772,-1.46342764737006,1.91984492449719,2.76480236245876,3.97010442890295,-0.126828583106836,1.45011821638004,0.0178560720018435,0.0316140474811604,6.92230565698482,1.75825138219123,1.8161555839794,4.08293052968486,1
"109","DTXSID90558000",0.454051778950138,0.643787103252141,-0.851448180665043,-0.0301736146951319,-1.36724910973408,2.43099492531255,0.694714098543883,0.134732541309358,0.596811856412529,0.821082156649987,6.20158063900913,3.73347470622362,4.76475572491118,1.24520193076264,0.00928212483982756,-0.490563539433066,-1.43379202943623,0.14445050444008,-0.593899024179223,1.8446712891854,-6.56391686961516,-0.712382893105428,0.725189190505489,0.961338356751202,-1.46342764737006,1.65344644919995,2.45419232930947,3.36152650382752,-0.191075422519809,0.530851112914216,0.0481166328715052,0.00928212483982756,6.56391686961516,1.57013545510212,1.73186209411685,3.78691893557169,1
"110","DTXSID9059915",-0.182865352952208,0.535697445770699,-0.217784416365732,1.37212215660114,-1.36724910973408,-1.04840132406419,2.19114845228292,1.22149514814733,1.67267018981923,-3.25203461431036,7.78237096362825,4.74322012417072,6.77868768502621,0.607302992653311,0.191135154431339,-0.490563539433066,-1.43379202943623,-0.0586505233012277,-0.593899024179223,-1.20904256940198,-0.549463598442481,-0.712382893105428,0.420957664071808,0.277228534273179,-1.46342764737006,0.459505073227436,-0.0607201737448688,0.720792869954174,-1.1917847914969,-0.0217223303729989,0.167654771016779,0.0217223303729989,7.78237096362825,1.42760394639229,1.88128939196922,3.8356543681129,1
"111","DTXSID90868151",1.47064118425565,-0.634012952130274,0.766813959168973,1.25942191418169,-1.36724910973408,3.62149794926125,1.70146297471085,1.11971457488071,1.56610694135735,1.73274784491399,8.86946330150474,5.11182460899747,6.07411936758668,-0.106357177603328,0.562981657513945,-0.490563539433066,-1.43379202943623,2.34270054035971,-0.593899024179223,2.54013880877824,-0.549463598442481,-0.712382893105428,0.832243845292626,3.66020765218211,-1.46342764737006,3.62615692169107,5.00152750512711,7.66940739309031,0.569068168118938,2.81050883028389,0.0119190701379533,0.106357177603328,8.86946330150474,2.34199679715638,2.22553798955409,5.19068542378562,1
"112","DTXSID3020209",0.509489024723934,0.2298159205913,-0.374296243623147,-1.17784895589184,-0.352984729893449,-0.0983626605933193,-0.568210313193731,-1.1145410694927,-0.841748763566871,0.35009790434686,-0.207973714445261,-0.436009868905908,-0.235751662656128,-0.345515054083877,-0.160531618916395,-0.490563539433066,-0.299792878882121,-0.297550842545305,-0.593899024179223,1.43555011283911,0.424167249505175,-0.712382893105428,0.214256160142855,-0.483743313334075,-0.171278150991749,-0.523486545905787,-0.956111955681358,-0.947629402828748,-0.357118709971086,-0.139017539420567,0.0670514593776538,0.0983626605933193,1.43555011283911,0.501657527456346,0.338191868213984,0.934543118770245,0
