"Name","padel_CrippenLogP","padel_nBase","padel_XLogP","padel_AATS1v","padel_AATS0i","padel_ETA_EtaP_F","padel_ZMIC2","padel_maxHBa","padel_minsssN","padel_AATS1i","padel_ETA_dEpsilon_B","padel_GATS1i","padel_ZMIC1","padel_SsssN","padel_nAromBond","padel_AATSC0p","padel_minHBd","padel_LipoaffinityIndex","padel_AATS3v","padel_AATS2i","padel_C2SP2","padel_AATS4v","padel_Kier2","padel_AATS6m","padel_AATS6v","padel_minssCH2","Opera_LogP","Opera_LogWS","Opera_LogBCF","Opera_LogKM","Fup_pred","neighbor_dtxsid","neighbor_name","neighbor_prox"
"DTXSID0059871",-0.971820891451509,-0.490563539433066,-0.906307461728413,0.248787906480894,6.88188213752642,0.112828269515707,-0.214416972217341,0.250926639578424,-0.712382893105428,5.90889415793288,-1.46342764737006,0.298574508668491,-0.626651681298813,-0.593899024179223,-1.36724910973408,-0.504550905900088,2.31256160728289,-0.114671951713562,-0.0975712124389773,6.39630358327605,-1.43379202943623,-0.737142893447409,-1.38374984764557,-1.04840132406419,-3.25203461431036,-0.549463598442481,-0.967641029469992,1.54151911663516,-1.1370191259859,-1.2469761990881,0.413518649656635,"DTXSID2020634","fluorouracil, 5-",0.164
"DTXSID3059927",-0.984354695867647,-0.490563539433066,-0.647946253759849,-0.465255369977623,5.11707155089833,-0.0411642375546451,0.90470662252071,0.455245114905322,-0.712382893105428,3.58164120970771,-1.46342764737006,-0.245044741958302,0.159628784182559,-0.593899024179223,-1.36724910973408,-0.495289988658882,2.15175522285218,-0.593541032312379,-0.701930939271293,3.94929728165025,-1.43379202943623,-0.42370404554987,-1.103343238418,-0.560975886150356,-1.57006055707747,-5.73498921396571,-0.927873139122526,1.49257717736811,-1.13253903383186,-1.32062056704186,0.431129295254128,"DTXSID6025438","hydroxyurea",0.102
"DTXSID80310730",-1.05339312179009,-0.490563539433066,-1.11128181375174,0.499180204518753,6.00519293721355,1.40217405812911,1.60852729895264,0.581785696586391,-0.712382893105428,5.07462830539413,-1.46342764737006,-0.0908050122866322,0.888757970941395,-0.593899024179223,-1.36724910973408,-0.456891428372179,2.42914226154175,0.699929385604512,0.562410705059624,4.44297780637378,-1.43379202943623,0.606572569678308,-0.787412635082688,1.24537959712513,0.19026152033149,-0.549463598442481,-0.411224623560142,1.12621192851912,-1.12755037083874,-0.304003030892918,0.176887852532294,"DTXSID3037707","potassium nonafluoro-1-butanesulfonate",0.132
"DTXSID70381090",-0.746693931263431,-0.490563539433066,-0.722376104019269,-0.363232482426509,5.45773018549116,0.592133515244872,2.08361344008881,0.538428724876905,-0.712382893105428,4.03632913439028,-1.46342764737006,0.0753251621458019,1.06637128182374,-0.593899024179223,-1.36724910973408,-0.562877077110118,2.26105836905215,-0.0162895318756383,-0.513210771490809,5.21209528303305,-1.43379202943623,0.954344577879097,-0.599916304857241,0.81233347780559,-0.0106628315336779,-5.67661328350897,-0.261250647370592,1.26161846703626,-1.17493939195799,-0.293779687086582,0.254003846472641,"DTXSID6040668","dipyridamole",0.09
"DTXSID10382147",-0.354565588461089,-0.490563539433066,0.061280591644051,-0.0830188661824303,5.620278685165,0.532648456252115,1.17302826013786,0.600990776136625,-0.712382893105428,3.61451356405787,-1.46342764737006,-0.214649127549407,0.938117625301562,-0.593899024179223,-1.36724910973408,-0.395485969939569,1.55012233992589,-0.0333286694197392,-0.580922758705118,4.2037688414622,-1.43379202943623,-0.238120306926536,-0.698511591057635,0.645640823948855,-0.0904445331619647,-5.78050368025806,-0.117916748597728,-0.0133095622612048,-0.990527564229771,-0.734786873014885,0.172404527398811,"DTXSID8020628","fluometuron",0.11
"DTXSID70366226",-0.507750704358743,-0.490563539433066,-0.420759852182666,0.536400637794624,6.99251073957639,0.77857983105973,0.540248056247294,0.466816376224307,-0.712382893105428,5.13391879411265,-1.46342764737006,0.172768427302361,0.284361558454451,-0.593899024179223,-1.36724910973408,-0.364133721507304,2.40263407683337,0.292381963595666,0.32024638226332,5.46238942462657,-1.43379202943623,0.381567724793348,-0.978172115737111,0.772462629442552,-0.609845870572449,-0.549463598442481,-0.272896565378928,1.18499085122639,-1.10748419889162,-1.5334848794705,0.173895421451359,"DTXSID3037707","potassium nonafluoro-1-butanesulfonate",0.11
"DTXSID2060965",-0.668940482719195,-0.490563539433066,-0.562994906343338,0.622785804488272,7.41620052812057,0.624342697290299,0.221926887982814,0.372967286302096,-0.712382893105428,5.74250557911105,-1.46342764737006,0.361370135485021,-0.11733519699475,-0.593899024179223,-1.36724910973408,-0.402326725670466,2.4060407511734,0.34439253029663,0.353094175753464,6.26718421839051,-1.43379202943623,0.203891775880514,-1.1917847914969,-0.719228057744547,-1.68580845061606,-0.549463598442481,-0.331551451305304,1.18381116469144,-1.11445493885024,-1.4451780051348,0.260731360508418,"","chlorobutanol",0.086
"DTXSID30396867",-0.0757134696707061,-0.490563539433066,0.381991412395375,0.354533563520018,6.54305808148369,1.35871204792604,3.56944013867556,0.651429323695121,-0.712382893105428,4.09856551428206,-1.46342764737006,-0.0285336333733146,2.19582399055566,-0.593899024179223,-1.36724910973408,-0.333601496792991,2.15175522285218,0.461093244542374,0.0831937742451815,4.64428766480031,-1.43379202943623,0.574594444552591,-0.530167360281444,1.77718370577481,0.478410649242832,-7.31578974061632,0.299506880742189,0.276926108544784,-0.992159555888821,0.539138998555472,0.0964853501291293,"DTXSID2032502","triflusulfuron-methyl",0.094
"DTXSID00380798",-0.173542935862853,-0.490563539433066,-0.244622196071367,0.0209759707801146,6.15666904359317,1.41228529502438,4.14797376894274,0.637783452238914,-0.712382893105428,4.33714826015119,-1.46342764737006,0.205883820734986,2.61375853827103,-0.593899024179223,-1.36724910973408,-0.500445640809809,2.26801136322583,0.874591253768957,-0.086405772070114,5.70670557715439,-1.43379202943623,1.30590573037923,-0.0753654720415767,1.76461453800648,0.621289389988373,-6.23759010289911,0.535265598177324,0.218213124816378,-0.899000362016569,-0.0563230289620178,0.154571703762861,"DTXSID2032502","triflusulfuron-methyl",0.168
"DTXSID30340244",1.16031797450289,-0.490563539433066,1.45479443733875,1.00597168371853,4.06670330280602,1.98198010606331,3.15816682314161,0.861832456578963,-0.712382893105428,1.69563483198209,0.900798484786276,-0.835657469347182,2.56661394570133,-0.593899024179223,-0.352984729893449,0.468572528453593,-1.20904256940198,1.31020277859788,0.598082021003535,2.9123095425318,-0.299792878882121,0.402723828476191,0.236123326748041,1.96347714231799,1.24264621583359,-7.24595447145372,1.8215551764638,-1.38044063242288,1.0063776294528,1.94023592028156,0.0118638646210315,"DTXSID3047558","3,3,4,4,5,5,6,6,7,7,8,8,8-tridecafluorooctyl methacrylate",0.472
"DTXSID60400587",-0.366060073986882,-0.490563539433066,-0.219682350958263,0.86478444437539,7.77241278851675,1.07898141752898,0.945478634134121,0.468323050875207,-0.712382893105428,5.63484238104962,-1.46342764737006,0.412033744775811,0.447137028797225,-0.593899024179223,-1.36724910973408,-0.334204129588006,2.48439426099417,0.774294403043752,0.584516942663089,6.18971259945909,-1.43379202943623,0.681145356186379,-0.997752641481459,1.54570328460304,-0.19761343272118,-0.549463598442481,-0.34998321394204,1.18283530941035,-1.11512332478298,-1.36567367652077,0.127885244667643,"DTXSID3037707","potassium nonafluoro-1-butanesulfonate",0.238
"DTXSID1062122",-0.0498735229474392,-0.490563539433066,0.323148965331645,0.15405485453543,6.54155463156528,0.455183334877037,1.18224170605532,0.50669303198504,-0.712382893105428,4.04039778790762,-1.46342764737006,0.00227150361183388,0.679880892336348,-0.593899024179223,-1.36724910973408,-0.324525059308243,1.9952611203569,0.24889861995507,-0.395668466465147,5.02238619309872,-1.43379202943623,0.123998443714739,-0.914891016887141,0.384633689997077,-0.487169990438349,-5.26735038382471,0.349565215033925,0.356757090080146,-0.77317338401426,-1.00333496483234,0.0842911559095877,"DTXSID5052757","tenofovir disoproxil",0.07
"DTXSID50369896",0.530047347793921,-0.490563539433066,1.06861652316552,0.652638630246447,7.07430796542721,2.08651724880315,5.32385331688678,0.739905358991516,-0.712382893105428,4.28653798867258,-1.46342764737006,0.0780014714231629,3.48661615859875,-0.593899024179223,-1.36724910973408,-0.273493403657178,2.15175522285218,1.14200831765428,0.335877590089572,4.88342414072289,-1.43379202943623,0.856165813555857,-0.141365125191325,2.36236001408436,0.926555658448386,-7.88367252531813,0.834836376306015,0.722853056495668,0.352039566797465,-0.0232416637824277,0.0205935877905079,"DTXSID8047553","perfluoroundecanoic acid",0.288
"DTXSID10379835",0.353887563398218,0.757361253861575,0.844157917147587,0.613748821013236,7.98593425199018,1.42508742560952,2.91293365721265,0.603461722564126,-0.712382893105428,5.32224479852436,-1.46342764737006,0.481123223706959,1.76674315547586,-0.593899024179223,-1.36724910973408,-0.290342309194921,2.01978539041143,1.16439354343098,0.215051071161443,5.8874035151583,-1.43379202943623,0.699953805471383,-0.672533187924149,2.20866615395205,0.522223563863005,-6.34340142889666,0.443527585406538,-0.664327348557139,0.483425298332455,-0.0131930504238711,0.0677069564274497,"DTXSID4037168","mefloquine",0.102
"DTXSID3047558",1.1695049813914,-0.490563539433066,1.4824620780111,0.395409640436937,5.26752087113489,1.65654505405495,2.98904435612842,0.773617699697485,-0.712382893105428,2.86991823024435,-0.445850186976534,-0.415273363626538,2.33811358613173,-0.593899024179223,-1.36724910973408,-0.195978969160783,-1.20904256940198,1.58290279698527,0.179024929046537,4.05721689213494,-1.43379202943623,0.233246940053082,0.0483394740169375,1.38990308206781,0.476483243743827,-6.10749965262325,0.895702105608089,-1.65750780190893,0.913202601583364,1.78023285986065,0.0173341079416415,"DTXSID3047558","3,3,4,4,5,5,6,6,7,7,8,8,8-tridecafluorooctyl methacrylate",0.998
"DTXSID50379930",0.959648380862845,0.757361253861575,1.53078302791774,0.889821342913642,8.2893290594432,2.14665464566012,4.65386361618756,0.704298639690423,-0.712382893105428,5.2842786635056,-1.46342764737006,0.524911290911892,2.98089224835907,-0.593899024179223,-1.36724910973408,-0.232476474920832,2.10501781722647,1.87586550691776,0.46646210493026,5.88580827485843,-1.43379202943623,0.985549432800587,-0.280988400143496,2.74482094672426,1.03398960482712,-6.87230877943061,1.16775302385427,-1.61999122824764,0.705751363340905,1.13988315520454,0.0555555043653617,"DTXSID1032646","sulfluramid",0.232
"DTXSID50381992",0.0141065665407969,0.757361253861575,0.521498670996802,0.0258381184781844,7.1340771430607,0.359289668837994,1.90435525793739,0.434627246008918,-0.712382893105428,4.87177370415556,-1.46342764737006,0.425487895279726,0.918110862192288,-0.593899024179223,-1.36724910973408,-0.354372720173761,1.86130216862094,0.714718096187955,-0.887433081749609,6.08217107315676,-1.43379202943623,-0.756926555947853,-0.760494635904504,1.56158248670792,0.47021301820173,-5.6020155771508,0.123655751458211,0.583309834230762,0.490650872958747,-1.35177942653408,0.181553798270497,"","fluvoxamine",0.1
"DTXSID00190950",0.369906423359505,-0.490563539433066,0.870266817500368,0.879499165478316,8.08789763734225,1.46116986372371,2.92164185570949,0.587390526287774,-0.712382893105428,4.92333043844797,-1.46342764737006,0.423684918585754,1.69690829823695,-0.593899024179223,-1.36724910973408,-0.240264769833341,2.22594501959068,1.0288366468699,0.403879832956664,5.97916106584777,-1.43379202943623,0.855975071896342,-0.672533187924149,2.56256702362551,0.684985260002826,-7.41433004754012,0.507132778410477,-0.235187930891631,0.488436929214746,0.23699675667406,0.0281611584408725,"DTXSID1032646","sulfluramid",0.182
"DTXSID0059879",-0.377545024476983,-0.490563539433066,-0.0174357944941841,0.15772279476681,6.81947010401699,0.273548010810737,0.815704218381521,0.43511594156918,-0.712382893105428,4.34861260975235,-1.46342764737006,0.110903231079888,0.347888510469336,-0.593899024179223,-1.36724910973408,-0.351765289139931,2.23351540701298,-0.152735752641174,-0.262508722336846,5.31375216457007,-1.43379202943623,-0.00685974249887555,-1.04103306503825,0.0303130818782043,-1.32463924562273,-6.22642645785431,-0.229253883708631,0.0428985017897474,-0.734418089090964,-1.53553926178489,0.192146124781863,"DTXSID8020628","fluometuron",0.072
"DTXSID10379991",1.3476289831395,-0.490563539433066,1.83590644547337,0.623649117848342,7.01661902384654,1.95702818275723,4.91939160518469,0.765055141246044,-0.712382893105428,4.02179330439288,-1.46342764737006,0.0350346216961521,3.48369337825671,-0.593899024179223,-1.36724910973408,-0.215973371724981,1.77667312119344,1.64457881986103,0.0753266163612197,4.86905064048158,-1.43379202943623,0.687789431683042,0.0019700500267003,2.2609127582942,0.920316656522839,-6.13604535411323,1.35035573268508,-1.40057224100557,1.0667477862061,1.19912102361099,0.00974569527471275,"DTXSID3047558","3,3,4,4,5,5,6,6,7,7,8,8,8-tridecafluorooctyl methacrylate",0.444
"DTXSID1047578",0.637936276640328,-0.490563539433066,1.10719534607486,1.18032932249269,6.29330083065749,-0.338385676935864,2.01236644762151,0.564261342742709,-0.712382893105428,3.48555735211147,-1.46342764737006,-0.45157237741104,1.22370439567803,-0.593899024179223,-1.36724910973408,6.99730386289598,-1.20904256940198,0.251603009234685,0.164263168530156,4.74972396273842,-1.43379202943623,0.946691441478314,-0.914891016887141,5.87154647450028,0.650571783012529,-4.08335285719805,1.32295947615642,-0.349506583189197,1.84011516282669,-0.416321254190621,0.0164653858595324,"DTXSID2032344","chlorethoxyfos",0.132
"DTXSID20335129",1.22114673469517,-0.490563539433066,1.728743048503,2.63012099798809,8.31020159744948,0.19763219186316,4.43190181506443,0.632083332673353,-0.712382893105428,4.78067343656811,-1.46342764737006,0.102490704851517,2.34844453311734,-0.593899024179223,-1.36724910973408,2.96406836121311,-1.20904256940198,0.269732978362735,1.63855247050278,6.05526885274236,-1.43379202943623,2.17853820032547,-0.809833516609711,10.2121329050347,2.6300684937273,-0.549463598442481,1.28610816338711,-0.354539473788606,1.50551585760596,-0.940903998850857,0.0108819893264613,"DTXSID7032551","fluazinam",0.12
"DTXSID30190948",0.653621410352422,-0.490563539433066,1.19799196968975,3.58949907458882,7.26454452998845,-1.24440142809217,4.37702156229877,0.502780981387456,-0.712382893105428,4.15156701385409,-1.46342764737006,-0.699035439805097,2.30319231454509,-0.593899024179223,-1.36724910973408,18.4482933876147,-1.20904256940198,-1.56989703909511,2.42277610858153,5.49516437447333,-1.43379202943623,3.3365115726482,-1.20292689403153,-1.04840132406419,-3.25203461431036,-0.549463598442481,0.405588124440862,-0.420804433066823,1.14856724093406,1.73504791659544,0.0387335192291144,"DTXSID7020687","1,2,3,4,5,6-hexachlorocyclohexane",0.082
"DTXSID30395037",0.031031254892752,-0.490563539433066,0.439664804219428,-0.446156415449707,5.50220532637457,0.190130306424732,2.7243428535902,0.317513117909118,-0.712382893105428,3.64209782906757,-1.46342764737006,0.128845128438533,1.37055016833829,-0.593899024179223,-1.36724910973408,-0.458989599761044,-1.20904256940198,0.24212472763658,-1.02947688816825,5.66363194513965,-1.43379202943623,0.162416897639698,-0.184604749640438,0.745995467824185,0.477566269145936,-5.08522674922959,-0.27061116398918,1.34438434823057,-0.989909205980357,-0.922534836230954,0.156209010848032,"DTXSID3037707","potassium nonafluoro-1-butanesulfonate",0.068
"DTXSID40379666",0.413328975897423,-0.490563539433066,0.323928335491429,0.930557034169818,3.56740627035771,0.588137945826579,0.401067847776679,0.712301667235233,-0.28161933664733,1.36195025561382,-1.46342764737006,-0.206831624789815,0.433466361658097,-0.344503128024469,-1.36724910973408,4.80049974147371,-1.20904256940198,1.20259194883322,0.280222966239158,2.44200958716338,-1.43379202943623,-0.670420193049054,-0.787412635082688,0.533008853909135,0.242237968206722,-0.549463598442481,0.942664178426951,0.228125674059202,-0.164748751398577,-0.301345838295436,0.0535155108249053,"DTXSID6047286","candoxatril",0.104
"DTXSID4059914",-0.538734802837435,-0.490563539433066,-0.159670848654856,0.162962709383083,7.20855176544928,0.0846554280050864,0.445353665929142,0.324084064294804,-0.712382893105428,4.78891949810201,-1.46342764737006,0.275479309275759,-0.119476819429285,-0.593899024179223,-1.36724910973408,-0.391861980053096,2.31868226551381,-0.0960717405567517,-0.406677313126078,6.05068222416993,-1.43379202943623,-0.351004605965543,-1.25610157528019,-0.719228057744547,-1.68580845061606,-6.02413994099944,-0.364470516164024,0.949993519253003,-0.999309901689139,-1.46987751780749,0.306876929221656,"","chlorobutanol",0.088
"DTXSID50184723",0.656767972130532,0.757361253861575,1.18747047253266,0.767122444291224,8.15388494897302,1.80116020432727,3.78610715381117,0.65770200999687,-0.712382893105428,5.30115250129183,-1.46342764737006,0.504769416096304,2.37584752922245,-0.593899024179223,-1.36724910973408,-0.25828022561309,2.0657830643893,1.52372441185135,0.357152959813387,5.8865120573436,-1.43379202943623,0.864171291185668,-0.476869890538606,2.5341887067066,0.832938660162653,-6.63313472126692,0.745267417028759,-1.38418065532006,0.598034488424773,0.688724458603726,0.0617112957943115,"DTXSID1032646","sulfluramid",0.144
"DTXSID50382621",1.04474857440718,-0.490563539433066,1.4925938900883,0.495168276035811,6.78599583596927,1.60183021569424,4.00061992707854,0.725205134152576,-0.712382893105428,3.91767260260805,-1.46342764737006,-0.0139876067285336,2.84259398183751,-0.593899024179223,-1.36724910973408,-0.2361665650054,1.78284645856998,1.31136358307983,-0.0563704123314883,4.76963010114531,-1.43379202943623,0.554955718257016,-0.191075422519809,2.0293034990554,0.754225494932553,-5.89687129594954,0.962189253024789,-1.17601165241937,0.957873236359556,0.671193517564495,0.0115047836125081,"DTXSID3047558","3,3,4,4,5,5,6,6,7,7,8,8,8-tridecafluorooctyl methacrylate",0.466
"DTXSID5044572",0.555887294517187,-0.490563539433066,1.00977407610179,0.578683295146169,7.21087006688352,1.33767415180523,2.95807958473133,0.637110789767789,-0.712382893105428,4.2924015576437,-1.46342764737006,0.130156610940158,1.95535374986298,-0.593899024179223,-1.36724910973408,-0.250743422708932,1.96145839421792,0.959389858895166,0.0680135382507182,5.23237148223382,-1.43379202943623,0.651600106825894,-0.530167360281444,2.03842778914954,0.587055960152424,-6.07566927423579,1.05144200973569,-0.604692889160529,0.795552085961959,0.093322709492384,0.0150327744757693,"DTXSID3047558","3,3,4,4,5,5,6,6,7,7,8,8,8-tridecafluorooctyl methacrylate",0.258
"DTXSID5063235",1.28640451896603,-0.490563539433066,1.68626737479475,0.714411052543979,6.04742292007525,2.16027219857553,3.99870899953962,0.781653297835675,-0.712382893105428,3.35652971469765,-0.33088287890351,-0.269343559398979,2.94209214654002,-0.593899024179223,-1.36724910973408,-0.162150173526721,-1.20904256940198,2.05760308702126,0.548204769429705,4.61966501626621,-1.43379202943623,0.551928550980141,0.0850566602036436,2.08361713928231,0.913450250519996,-7.33498960670751,0.859949650508638,-1.66574858086237,0.915981365588556,1.81338584901305,0.0120667825705264,"DTXSID3047558","3,3,4,4,5,5,6,6,7,7,8,8,8-tridecafluorooctyl methacrylate",0.644
"DTXSID60195123",0.542581152210059,-0.490563539433066,0.810255315196961,1.25570532419308,8.36609988917685,2.20573199348774,3.39902713705471,0.663809064581886,-0.712382893105428,5.46092490725849,-1.46342764737006,0.510515551046432,2.19569294002211,-0.593899024179223,-1.36724910973408,-0.220714215946493,2.65002771370501,1.9522225022321,0.888259324231959,6.07350517106214,-1.43379202943623,1.20863615547179,-0.41159595424879,3.11796392962859,1.23810678586328,-0.549463598442481,0.762007327046406,-0.854315080856286,-0.169497361248631,0.702327642721171,0.0122690342639831,"DTXSID1032646","sulfluramid",0.154
"DTXSID60377821",0.322088219367925,-0.490563539433066,0.602163482534498,-0.280166660526658,5.13113126970915,0.18858100399723,1.24975730067938,0.622802505327849,-0.712382893105428,2.98229371488493,-1.46342764737006,-0.335772945814935,1.03687531536329,-0.593899024179223,-1.36724910973408,-0.330332311490687,1.689923738155,0.370551773819386,-0.92304670645434,3.76311923960519,-1.43379202943623,-0.363928844578117,-0.599916304857241,0.325570180642719,-0.188698434823887,-4.5819560678929,0.910909488477919,-0.167398472410088,-0.146873310004042,-0.672110550974886,0.0518334963463025,"DTXSID5034303","fluroxypyr-meptyl",0.072
"DTXSID60379269",-0.166773060522071,-0.490563539433066,0.119343668547997,-0.40419761665191,5.20457969052462,-0.21036437108442,0.466649713676107,0.496728890293704,-0.712382893105428,3.1888276901145,-1.46342764737006,-0.278205641309419,0.185663756980996,-0.593899024179223,-1.36724910973408,-0.374660785207036,1.83501115940174,-0.0654139019184896,-1.07702238469987,4.04950295135817,-1.43379202943623,-0.589457812798108,-0.942201694721141,0.384633689997077,-0.487169990438349,-4.21694789703859,-0.163606929891994,0.407211458610465,-0.628569736197018,-1.10595646379807,0.189316693229039,"DTXSID8020628","fluometuron",0.08
"DTXSID60379901",1.47238539012371,-0.490563539433066,1.87916148934141,0.521622939653649,5.59720958031652,2.04578690340646,3.1779246906131,0.8212621914317,-0.712382893105428,3.04853632707483,-0.481663930800637,-0.360208673105203,2.78395720515163,-0.593899024179223,-1.36724910973408,-0.17949805290358,-1.20904256940198,1.90922467599845,0.461372679743453,4.28057563042787,-1.43379202943623,0.359485612293175,0.236123326748041,1.67044728023647,0.655972536085941,-6.46504501732978,1.13682671235747,-1.67105561607517,0.879151387932522,1.88639434624251,0.0127643179232814,"DTXSID3047558","3,3,4,4,5,5,6,6,7,7,8,8,8-tridecafluorooctyl methacrylate",0.658
"DTXSID70381151",0.645931404067435,2.00528604715622,1.09199762795906,0.999112704133952,8.2651253575469,2.186447255377,3.34658264020726,0.679880260858268,-0.712382893105428,5.70437056445033,-1.46342764737006,0.552218646789233,2.26258911611198,-0.593899024179223,-1.36724910973408,-0.266619951381913,2.27792188018453,2.00256772817302,0.802854725802903,6.00448739286868,-1.43379202943623,0.91019742646395,-0.41159595424879,2.80022775302779,1.07071391562052,-0.549463598442481,0.837904373941518,0.775184887995428,0.104155732415875,0.256989019877386,0.0841720621929532,"DTXSID8037708","pentadecafluorooctanoic acid ammonium salt",0.17
"DTXSID7060332",0.357410759086132,-0.490563539433066,0.401475666389988,1.74141848551442,3.30465317569422,1.06927789179884,0.335767643934116,0.683445579222664,-0.712382893105428,1.12745137105123,1.05651041445629,-1.34870866738815,0.507788380474798,-0.593899024179223,-0.52202879320022,0.868027870909048,-1.20904256940198,0.294454050577413,0.642075096093123,2.35750068177431,-0.299792878882121,1.21589556982818,-0.479184660080419,1.62548287062355,1.26419827998023,-4.11104495586162,1.26885994570214,-0.297130553968291,0.568393514374023,-0.117704406071389,0.0280226775481972,"DTXSID8057695","floctafenine",0.084
"DTXSID70880230",-0.781592161893378,-0.490563539433066,-0.643270032801142,-0.736413833673446,3.23786906473847,-1.05983058363692,-0.520880799488792,0.438289729514084,-0.712382893105428,1.86133161721244,-1.46342764737006,-0.477599028307544,-0.446064937801014,-0.593899024179223,-1.36724910973408,-0.422155806122616,-1.20904256940198,-0.637086463306915,-1.42048289557318,3.19130799734164,-1.43379202943623,-1.0659790466376,-1.05716043400718,0.403000716490784,-0.345878557744997,-3.21716661949482,-1.03782548118848,1.64626866207959,-0.892247964737176,-0.875021509060624,0.461873132985912,"DTXSID6025438","hydroxyurea",0.11
"DTXSID80375107",1.88430846702107,-0.490563539433066,2.58682959442574,1.31947769115083,8.65158088855577,3.06865267448959,7.15707424896452,0.800467017791242,-0.712382893105428,5.00586347199369,-1.46342764737006,0.53907292427767,4.66900008733229,-0.593899024179223,-1.36724910973408,-0.144580724281685,2.18241529191248,2.75296933059978,0.801211767310933,5.9383384868968,-1.43379202943623,1.31021473560781,0.307375399565493,3.26168964953418,1.45733051195794,-8.46113458603358,1.35182367262735,-1.29503001818604,1.24272437999155,1.26464190510613,0.0089992464230913,"DTXSID1032646","sulfluramid",0.344
"DTXSID80382093",-1.04089745751671,0.757361253861575,-0.527923249153035,-0.269821192067664,7.25680538938057,0.0813121964510044,0.419126658744631,0.187478895945678,-0.712382893105428,6.32577969432012,-1.46342764737006,0.594524292245619,-0.311239742615431,-0.593899024179223,-1.36724910973408,-0.645627779065472,2.235218744183,-0.170986473427569,-0.362181936595369,6.70167723988803,-1.43379202943623,-1.76044877850301,-1.39947358274244,-1.04840132406419,-3.25203461431036,-0.549463598442481,-0.831724717811337,1.46897589815266,-0.978737589634658,-1.48345917959353,0.39017844701803,"DTXSID6025438","hydroxyurea",0.144
"DTXSID8062101",1.77526579885603,-0.490563539433066,2.16908718878125,0.629365999960591,5.87979990247236,2.32078808428799,4.90697086813558,0.837382072773314,-0.712382893105428,3.20101519022277,-0.517477674624739,-0.308627516868126,3.70796836749181,-0.593899024179223,-1.36724910973408,-0.165495904072977,-1.20904256940198,2.27887025494041,0.381610240966905,4.34499729712423,-1.43379202943623,0.517154231601009,0.425807341514681,1.89087486451184,0.79699983721188,-6.63640700315723,1.31573784938368,-1.80906883466736,1.1985142614013,1.9233540761714,0.0107942527036131,"DTXSID3047558","3,3,4,4,5,5,6,6,7,7,8,8,8-tridecafluorooctyl methacrylate",0.476
"DTXSID90190949",1.25938222781705,-0.490563539433066,1.8846170804599,3.08569245014459,7.95122339814111,-0.0447113246912931,5.38947980172016,0.632866154691686,-0.712382893105428,4.46130820635193,-1.46342764737006,-0.360318242139736,3.03611772814816,-0.593899024179223,-1.36724910973408,13.5718871271739,-1.20904256940198,-1.2060579092902,1.9754652188128,5.6233849575601,-1.43379202943623,2.56562430810746,-0.809833516609711,14.7010793115857,3.29354009796344,-0.549463598442481,0.61112570287107,-0.455993153877762,1.50608373972516,-0.668728216695596,0.0219136168927262,"DTXSID7032551","fluazinam",0.116
"DTXSID9059832",0.228215792987644,-0.490563539433066,0.669189316275966,0.636780699744702,7.50297110063698,1.19713611318423,2.55679186570069,0.586426254511172,-0.712382893105428,4.55308256984233,-1.46342764737006,0.237101988717923,1.60897924766228,-0.593899024179223,-1.36724910973408,-0.261468961880352,2.20121508734452,0.559320764164145,0.232335784977855,5.47172629270878,-1.43379202943623,0.668739052275714,-0.6590797126965,2.04709586473896,0.428244902111293,-7.2004402862273,0.452650561740495,0.0612472393150792,-0.801200886547295,-0.255653880484989,0.0434187039958204,"DTXSID3031862","perfluorohexanoic acid",0.106
"DTXSID90880156",1.54657750283727,-0.490563539433066,2.13713301223008,1.44190214292855,7.30507873888354,1.09842924010578,4.46872198122487,0.718970001972765,-0.712382893105428,4.01490417146404,-1.46342764737006,-0.152314249855247,2.96214223728056,-0.593899024179223,-1.36724910973408,4.91209593394396,-1.20904256940198,1.15539886281303,0.591851561891242,5.12642468307025,-1.43379202943623,1.31013955665906,-0.336063950157793,4.68131456509239,1.39080201019394,-5.18140503997939,1.84215928080599,-1.02388756186551,2.26062463169505,0.65281775062844,0.0109054962957396,"DTXSID3047558","3,3,4,4,5,5,6,6,7,7,8,8,8-tridecafluorooctyl methacrylate",0.274
"DTXSID7029904",1.16164811198181,-0.490563539433066,1.69639918687194,0.844076070527893,7.63679807117684,2.06808870413918,4.74672243069634,0.729448421944951,-0.712382893105428,4.44990391372861,-1.46342764737006,0.22304453106023,3.20043175271726,-0.593899024179223,-1.36724910973408,-0.203884413858905,1.94309641952515,1.645938950729,0.332974683802657,5.35973960843046,-1.43379202943623,0.925952971643699,-0.141365125191325,2.57190471893598,1.02447850323945,-6.60457662476975,1.65790218797661,-1.84783950145887,0.987281726502502,1.1657302613779,0.0094361754656566,"DTXSID3047558","3,3,4,4,5,5,6,6,7,7,8,8,8-tridecafluorooctyl methacrylate",0.398
"DTXSID00192353",1.62710087924981,-0.490563539433066,1.53935609967537,1.25034962615572,6.95614817107387,2.43237863018461,5.17085960070192,0.781037508631428,-0.712382893105428,3.75920346537584,-1.46342764737006,0.0254898339255037,3.65102331661397,-0.593899024179223,-1.36724910973408,0.475598356015283,1.62829352771643,1.57450202082874,0.306958708922672,4.78527973609496,-1.43379202943623,0.91108361911405,0.0537351403369502,2.91251110981403,1.25423216244714,-7.32872048753047,1.91752848062052,0.0872702182851854,0.265550206084108,1.2330860131695,0.0147109050429707,"DTXSID8047553","perfluoroundecanoic acid",0.28
"DTXSID00379268",-0.0112613959157534,-0.490563539433066,0.0768679948397411,0.202741057900974,5.34360459687735,0.260093542361381,0.474946891910128,0.502835944878721,-0.712382893105428,3.29628862400685,-1.46342764737006,-0.336540044030739,0.161019541531361,-0.593899024179223,-1.36724910973408,-0.334668192972045,2.19668641850194,-0.0422479560250646,-0.609700761252045,4.19667690738141,-1.43379202943623,-0.202853220747844,-0.882532260323199,1.29122083687647,0.170676173479525,-4.9928753452687,0.709143755160912,-0.000513622268803482,-0.633264656355722,-1.31275922306202,0.0917016898447072,"DTXSID2032502","triflusulfuron-methyl",0.094
"DTXSID00379925",1.45575152036034,-0.490563539433066,1.69484044655237,2.08168344018981,8.73117621016523,2.40864984037393,4.51725361100098,0.724988128461878,-0.712382893105428,4.95943901264837,-1.46342764737006,0.469639815286735,2.65086870833408,-0.593899024179223,-1.36724910973408,0.311050590783543,-1.20904256940198,2.21548728345262,1.27562801945976,6.2499455901483,-1.43379202943623,1.76422033012985,-0.21565950148711,4.24142723742909,1.93486583154132,-0.549463598442481,1.10222272073388,-1.3940928120828,1.71105449284492,1.18008735004112,0.00786313067479718,"DTXSID1032646","sulfluramid",0.254
"DTXSID0059829",1.02448185604545,-0.490563539433066,1.17188306933697,1.81750862456099,9.27334998114191,2.26191459204293,3.57931303687278,0.631666672029153,-0.712382893105428,5.35116433839841,-1.46342764737006,0.729119808481876,2.00266521319676,-0.593899024179223,-1.36724910973408,-0.0753677989610185,-1.20904256940198,2.30396202796071,1.07854308389799,6.60408932721947,-1.43379202943623,1.55040259843657,-0.41159595424879,3.95298754600462,1.64861454603087,-0.549463598442481,0.784542071087247,-0.816664235577221,1.68196982553738,0.319492593261784,0.00683386289049845,"DTXSID1032646","sulfluramid",0.17
"DTXSID0060985",-0.135693611686466,-0.490563539433066,-0.372049217196134,2.83214359517617,5.55396343719483,0.675347364048311,1.67140802438035,0.580073667760822,-0.712382893105428,3.15836277199831,-1.46342764737006,-0.522704958188464,0.776160668602498,-0.593899024179223,-1.36724910973408,0.886115768638968,-1.20904256940198,0.105903438136773,1.78504354830809,4.52284519064218,-1.43379202943623,2.42571741152304,-0.978172115737111,10.3263211390766,4.03628651824041,-0.549463598442481,0.18449459672455,0.601205725574965,-0.145512616317798,0.835899231016826,0.140382430757986,"DTXSID3032547","etridiazole",0.094
"DTXSID00880026",0.828298496698136,-0.490563539433066,1.09394605335852,1.52587390122814,8.47484169247069,2.23732960878547,3.43204195701092,0.647737868305534,-0.712382893105428,5.09947090033758,-1.46342764737006,0.462016998275413,2.10201779057008,-0.593899024179223,-1.36724910973408,-0.171314272589178,2.57352421731057,1.90187727629119,0.985596931049209,6.20083235270809,-1.43379202943623,1.37558185618291,-0.41159595424879,3.48865613566286,1.43339846781315,-0.549463598442481,-1.25856721708155,1.10432684644284,-0.668114989631594,0.678759397155401,0.0151481647374471,"DTXSID1037303","perfluoroheptanoic acid",0.426
"DTXSID1032646",0.907253359739468,-0.490563539433066,1.52454806663946,0.993366883482707,6.9178418151945,2.5802962408945,4.48650513751567,0.811885493417743,-0.712382893105428,4.01090631912557,-1.46342764737006,0.172227716027035,3.52171349968515,-0.593899024179223,-1.36724910973408,0.421702526914351,1.67842648598008,2.20663772656711,0.511001760999421,5.01239420707703,-1.43379202943623,1.16775994787675,0.0537351403369502,2.72803921187504,1.15163974679574,-3.25998829516198,2.24712284159852,-1.67209951518768,0.810371577984389,1.22950002532372,0.0047043507735402,"DTXSID1032646","sulfluramid",0.72
"DTXSID1037303",0.525418087965823,-0.490563539433066,0.750633497973446,1.46202332905264,8.33415051011933,1.89615690580302,2.58528805249618,0.593497580872791,-0.712382893105428,5.09497864264311,-1.46342764737006,0.427794107823049,1.52671760584792,-0.593899024179223,-1.36724910973408,-0.194488053813528,2.58762027869088,1.52655443698201,0.93144376920027,6.2489832870543,-1.43379202943623,1.29175081870613,-0.607342615090975,3.40895104750381,1.25378884155264,-0.549463598442481,-0.300227321676063,1.69582357874009,-0.666358394010529,0.132400925524827,0.0166443844616656,"DTXSID1037303","perfluoroheptanoic acid",0.598
"DTXSID1067629",0.721272488581786,-0.490563539433066,1.35971127784504,1.24072493750236,7.51106466625175,2.70644207538634,4.55311571912489,0.77470578528212,-0.712382893105428,4.42505415376032,-1.46342764737006,0.356556469158547,3.34419095874501,-0.593899024179223,-1.36724910973408,0.493163886742382,1.90099587619559,2.23594513919272,0.850174835702635,5.51619296513638,-1.43379202943623,1.19299784728091,-0.0849606654289447,3.09355054252185,1.28529196471742,-0.549463598442481,1.42439089704869,-1.6745117509784,0.741294816559213,1.20263828175213,0.00556874293304338,"DTXSID1032646","sulfluramid",0.542
"DTXSID20179883",0.471878862559497,-0.490563539433066,0.691011680749932,0.843666829312683,6.31936158360253,1.59224900331364,3.32222512283268,0.712337978258824,-0.712382893105428,3.65380036815729,-1.46342764737006,-0.0899428174394419,2.39331671159044,-0.593899024179223,-1.36724910973408,1.34621753947666,1.5187496872944,0.92927857002135,-0.0441711022615164,4.45245875572418,-1.43379202943623,0.459212435123795,-0.336063950157793,2.39045867640354,0.844666623556649,-6.66300898389475,0.353378496554597,0.9216663302078,-0.764214265053867,-0.0124780848142358,0.0362715347924661,"DTXSID8037708","pentadecafluorooctanoic acid ammonium salt",0.236
"DTXSID20375106",-0.54717807694203,-0.490563539433066,-0.839281627986945,0.738938941452542,5.73351642385679,1.45383106275133,1.96894785720083,0.549100217860149,-0.712382893105428,4.31149667612683,-1.46342764737006,-0.0215405745212461,1.14758969044545,-0.593899024179223,-1.36724910973408,-0.500039281952332,2.64511421683513,0.762292890111327,0.769629182175279,5.71160654772812,-1.43379202943623,1.36965338724191,-0.479184660080419,2.35901604212888,1.05847437802194,-0.549463598442481,-0.267912876464576,2.03061931555907,-1.01579052152972,0.535259747112212,0.148075379043123,"DTXSID3037707","potassium nonafluoro-1-butanesulfonate",0.118
"DTXSID20874028",0.594499421548873,-0.490563539433066,0.763493105609891,0.632669947328425,6.3151129415589,1.16627237798374,2.15075817344764,0.635402541864237,-0.712382893105428,3.73695874386859,-1.46342764737006,-0.162903767855746,1.47920882772386,-0.593899024179223,-1.36724910973408,-0.255726003531691,2.16288369236296,0.698785903129093,-0.0539653803260448,4.6357593116473,-1.43379202943623,0.463010200690336,-0.510066390017969,1.77041893937433,0.577597274841341,-6.02552008710283,0.364896960898403,0.0189583055376403,-0.584784079525347,0.329648203213859,0.0289438986640189,"DTXSID3037709","potassium perfluorohexanesulfonate",0.15
"DTXSID3031860",1.43405931416276,-0.490563539433066,1.78057116412867,1.61650051979986,8.67708526710061,2.847510138522,5.13527440722373,0.736905675672924,-0.712382893105428,5.10584700803295,-1.46342764737006,0.512838431441797,3.25883543255147,-0.593899024179223,-1.36724910973408,-0.138015927274805,2.55516224261779,2.62467626399534,1.05734987049907,6.13441727085141,-1.43379202943623,1.48037065302886,-0.0195936290656613,3.56836122382189,1.61300809407366,-0.549463598442481,0.82466709793977,0.400921540679559,0.233170554248107,1.21548521414645,0.00730598230855852,"DTXSID8047553","perfluoroundecanoic acid",0.592
"DTXSID3031862",0.222537679233509,-0.490563539433066,0.407320942588371,1.37800941829535,8.1512519730626,1.5250989744164,1.76183904496322,0.523286542140387,-0.712382893105428,5.08906777725562,-1.46342764737006,0.384679555756105,0.95547702441003,-0.593899024179223,-1.36724910973408,-0.224625886372117,2.60732694344955,1.13895370541226,0.85513704114038,6.3141286688167,-1.43379202943623,1.166004262491,-0.802794654479569,3.24954087118575,0.894569589031627,-0.549463598442481,0.125239836600614,-0.437141307590921,-0.619090397172144,-0.311965435415883,0.0385063045501364,"DTXSID3031862","perfluorohexanoic acid",0.496
"DTXSID3031864",1.42085805724824,-0.490563539433066,1.26034158247251,1.86647128206384,8.30844790464606,2.79002286423839,4.61181645432417,0.713747907871436,-0.712382893105428,4.6496703606653,-1.46342764737006,0.445446916077798,3.02933661329292,-0.593899024179223,-1.36724910973408,0.64815762041858,2.05303987347285,2.07006528788643,1.02946939419797,5.83994656706331,-1.43379202943623,1.5016305605676,-0.22019345047698,3.89546639815819,1.62683486312067,-0.549463598442481,1.60903289058819,0.136166331597444,-0.580504071430702,1.17659623773143,0.00919536616401629,"DTXSID8047553","perfluoroundecanoic acid",0.302
"DTXSID3037707",0.209336422318984,-0.490563539433066,-0.112908639067786,1.77637235374515,7.4784304474119,1.43927577415612,1.41451274925341,0.481025992265338,-0.712382893105428,4.30891005753682,-1.46342764737006,0.293061692455075,0.783968277026932,-0.593899024179223,-1.36724910973408,1.06726183972711,2.12601590561637,0.570217013720897,0.775596018848695,5.80907207157653,-1.43379202943623,1.14990278096868,-1.00638020532062,2.94228757475112,0.310205785089379,-0.549463598442481,-1.26800347073734,0.70660100945889,-0.548546664507059,-1.35718194066367,0.0517376381781699,"DTXSID3037707","potassium nonafluoro-1-butanesulfonate",0.832
"DTXSID3037709",0.815097239783611,-0.490563539433066,0.573716471702364,1.83317385203302,7.99719135818325,2.1682225662956,2.93179612129518,0.617068668744774,-0.712382893105428,4.52373720516125,-1.46342764737006,0.383243666784719,1.89442960275982,-0.593899024179223,-1.36724910973408,0.806160123251708,2.07756542611368,1.34173651446748,0.94261797631532,5.8288173884576,-1.43379202943623,1.39171562944294,-0.613286827898801,3.99608339696912,1.41959937303627,-0.549463598442481,-1.19399811165994,0.0598113102102238,-0.577781494732829,0.124224869420031,0.00917127637530688,"DTXSID8037706","heptadecafluorooctanesulfonic acid potassium salt",0.564
"DTXSID30382063",-0.145562373626902,-0.490563539433066,-0.292553460898115,0.790986662683765,7.34028210015747,1.14038271899786,1.23275248533448,0.480496982054575,-0.712382893105428,5.2368795190839,-1.46342764737006,0.504192232683312,0.77394676645949,-0.593899024179223,-1.36724910973408,-0.453552977548858,2.69692342489085,0.91573941904036,1.00786479595823,7.60089181273744,-1.43379202943623,1.34574211490536,-0.698511591057635,2.46199687479606,1.35262639506713,-0.549463598442481,-0.415653875435436,0.293829340327855,-0.668153100025276,-0.384892561608383,0.0928507351027423,"DTXSID3031862","perfluorohexanoic acid",0.198
"DTXSID3038939",0.596983298346442,-0.490563539433066,1.20773409668706,1.62497167608783,8.21910484331994,2.66897341931071,4.58308275612513,0.727230159547339,-0.712382893105428,4.97248768962527,-1.46342764737006,0.499445376326007,3.11179057121615,-0.593899024179223,-1.36724910973408,0.578268281974659,2.40177700418048,2.14293232245591,0.895157165854329,5.74589059882047,-1.43379202943623,1.35823851631127,-0.22019345047698,3.5880658722205,1.46611555367031,-0.549463598442481,1.29248905569753,-1.68061764457338,-0.0549495398978237,1.1796651310106,0.0107765669884798,"DTXSID1032646","sulfluramid",0.258
"DTXSID3059921",2.64558094909202,-0.490563539433066,3.15382138566897,1.72188030883673,8.91610040075422,3.85749223678696,8.50754393246365,0.856350639707168,-0.712382893105428,5.11326108674868,-1.46342764737006,0.57540503675056,5.58352203154842,-0.593899024179223,-1.36724910973408,-0.0986845736883406,2.53690459732668,3.99600926861805,1.13405128853166,6.05990278876816,-1.43379202943623,1.58515944987479,0.76538589087175,3.63212529434912,1.75669579508206,-0.549463598442481,1.33534524341165,-0.706392737266633,1.31863834160569,1.25280711769473,0.0256336362052374,"DTXSID8047553","perfluoroundecanoic acid",0.324
"DTXSID30627108",1.07763968002412,-0.490563539433066,1.37763679152008,1.0354075961798,6.84381226039623,2.27907923209499,5.14879147718131,0.785630417828039,-0.712382893105428,3.90023599403621,-1.46342764737006,0.00849085464920653,3.67535750472875,-0.593899024179223,-1.36724910973408,1.13276952301058,1.5046438664856,1.61751857595337,0.208704520192459,4.70434711478472,-1.43379202943623,0.732387923214371,0.0537351403369502,2.73932286520435,1.13881289913178,-7.19191633442873,1.28171834196966,0.582555990997097,-0.717884600023079,0.971176029114477,0.0230577988048346,"DTXSID8047553","perfluoroundecanoic acid",0.222
"DTXSID30891564",0.415579244320556,-0.490563539433066,0.166105878135067,0.86229998909853,5.65748521136217,0.98569710294678,1.60948182847455,0.604513046653884,-0.712382893105428,3.0427457307385,-1.46342764737006,-0.19309773169182,1.1011681105897,-0.593899024179223,-1.36724910973408,0.701459717222817,1.66692490116607,0.178304461933217,-0.323066664911201,4.17437012438965,-1.43379202943623,0.248343550774566,-0.723332499963503,1.79014905861044,0.471782607921914,-5.99149424658544,0.345159571818173,0.419043061523887,-0.54337437861237,-0.321506795142396,0.0607913802266003,"DTXSID3037709","potassium perfluorohexanesulfonate",0.106
"DTXSID40187142",1.15287111162803,-0.490563539433066,1.3515278911673,2.09262994139912,8.63250046452535,2.08374481288025,3.69830295500341,0.685138121368438,-0.712382893105428,4.93781712380061,-1.46342764737006,0.438219475892436,2.08811640183897,-0.593899024179223,-1.36724910973408,0.344637848735927,-1.20904256940198,1.85261709274886,1.27129738975476,6.29929485233687,-1.43379202943623,1.75883502775863,-0.41159595424879,4.3815151930534,1.92467632743587,-0.549463598442481,0.779291749854825,-1.35759730730362,0.731690962899578,0.638447109351078,0.00929491900795713,"DTXSID1032646","sulfluramid",0.224
"DTXSID40380257",-0.153242844876198,-0.490563539433066,0.00984216109827373,0.854746326720544,5.66097994541465,0.741029632751074,0.812680605452038,0.572645203704183,-0.712382893105428,3.54400153507198,0.747422234061315,-0.454290007988555,0.144457378109601,-0.593899024179223,-1.36724910973408,-0.206681419226341,2.3550258029314,0.296431977404869,0.52398309027085,5.0325580795929,-0.980192369214586,0.193884371693903,-0.882532260323199,3.18100789258276,0.481326408377757,-0.549463598442481,-0.131993844446378,0.0141027590329062,-0.620829123434575,-1.52783542937572,0.11173311546176,"DTXSID8020628","fluometuron",0.128
"DTXSID4059833",-0.481958432813932,-0.490563539433066,-0.543900337428618,1.13051592096112,6.05183093058094,1.47523589892076,1.764491668867,0.542571977672038,-0.712382893105428,4.0827707501429,-1.46342764737006,-0.259711132575532,0.92148774518897,-0.593899024179223,-1.36724910973408,-0.350860223737109,2.54951993824211,0.629290541946659,0.81279369967935,4.60522753302007,-1.43379202943623,1.00706574084604,-0.787412635082688,2.10395364376104,0.622146492953762,-0.549463598442481,-0.156989552626035,0.396074703379557,-0.84015343828206,-0.281984995702464,0.100187601837478,"DTXSID3031862","perfluorohexanoic acid",0.118
"DTXSID4059916",-0.383223138231118,-0.490563539433066,-0.279304168181778,1.09365464342457,7.55029963701921,0.667070827396132,0.303719839735343,0.336807094680267,-0.712382893105428,5.06906177132856,-1.46342764737006,0.253880149248036,-0.152373082551121,-0.593899024179223,-1.36724910973408,-0.323745042678944,2.68035752461401,0.312312644297441,0.544040380588546,6.55102096613471,-1.43379202943623,0.537271481415283,-1.1917847914969,-0.719228057744547,-1.68580845061606,-0.549463598442481,-0.637716468282658,0.381003069033833,-0.61773225446102,-1.45686218581502,0.246930115290807,"DTXSID3037707","potassium nonafluoro-1-butanesulfonate",0.076
"DTXSID40880025",0.828298496698136,-0.490563539433066,1.09394605335852,1.52587390122814,8.47484169247069,2.23732960878547,3.43204195701092,0.647737868305534,-0.712382893105428,5.09947090033758,-1.46342764737006,0.462016998275413,2.10201779057008,-0.593899024179223,-1.36724910973408,-0.171314272589178,2.57352421731057,1.90187727629119,0.985596931049209,6.20083235270809,-1.43379202943623,1.37558185618291,-0.41159595424879,3.48865613566286,1.43339846781315,-0.549463598442481,0.0403616482576237,1.10432684644284,-0.668114989631594,0.678759397155401,0.00674945312908073,"DTXSID8037708","pentadecafluorooctanoic acid ammonium salt",0.888
"DTXSID50226894",0.989488275058588,-0.490563539433066,1.23618110751919,1.37666632537057,8.10234722051039,2.34031744909781,3.9489901636334,0.696386035401278,-0.712382893105428,4.79886835360005,-1.46342764737006,0.322948309425394,2.63511584349584,-0.593899024179223,-1.36724910973408,-0.171505616047341,2.5465399780175,1.76859281540343,0.888302661235165,5.74418364849996,-1.43379202943623,1.29280515371724,-0.20631689027864,3.19283174930058,1.37000400497509,-0.549463598442481,0.752233590315026,0.887251690744581,-0.583138634187531,1.13269591776548,0.0112577700282805,"DTXSID8037708","pentadecafluorooctanoic acid ammonium salt",0.384
"DTXSID5030030",0.209336422318984,-0.490563539433066,-0.112908639067786,1.77637235374515,7.4784304474119,1.43927577415612,1.41451274925341,0.481025992265338,-0.712382893105428,4.30891005753682,-1.46342764737006,0.293061692455075,0.783968277026932,-0.593899024179223,-1.36724910973408,1.06726183972711,2.12601590561637,0.570217013720897,0.775596018848695,5.80907207157653,-1.43379202943623,1.14990278096868,-1.00638020532062,2.94228757475112,0.310205785089379,-0.549463598442481,0.268845089566278,0.70660100945889,-0.548546664507059,-1.35718194066367,0.0666497023423786,"DTXSID3037707","potassium nonafluoro-1-butanesulfonate",0.284
"DTXSID50375114",1.33622984797062,-0.490563539433066,1.21513811320501,1.21083497123998,8.15193836048753,2.71378087635871,4.67978251059078,0.701163150663495,-0.712382893105428,5.22748341670416,-1.46342764737006,0.610516523364549,3.66859626037161,-0.593899024179223,-1.36724910973408,-0.301371627297666,2.65639494915188,3.05582085266892,0.982362241936514,6.9842166239106,-1.43379202943623,1.65807372642388,0.405261790043072,3.32695401633122,1.74446414155291,-0.549463598442481,1.08081011101,-0.27195204398316,-0.0589425981084557,1.24954492797523,0.0122544134856927,"DTXSID8047553","perfluoroundecanoic acid",0.294
"DTXSID50379814",0.176726600254935,-0.490563539433066,-0.321779841890034,1.51207153609936,7.21905891631731,1.41713705788945,1.4496678450339,0.489707414402023,-0.712382893105428,4.42977021950551,-1.46342764737006,0.383351330244778,0.902508838743756,-0.593899024179223,-1.36724910973408,0.910523461627751,2.14623735671976,0.685777964824377,0.674798889959046,6.35921578131032,-1.43379202943623,1.3426602611141,-0.867849899576406,4.7462636667659,1.45359929660703,-0.549463598442481,0.197537679056553,0.132525559235166,-0.667196467898497,-0.58870180027679,0.0550380837396284,"DTXSID3037709","potassium perfluorohexanesulfonate",0.152
"DTXSID50381073",0.763078852570038,-0.490563539433066,0.73738420525711,1.19202825196096,8.05166523990948,2.16973109760659,2.78877877738946,0.623905076854709,-0.712382893105428,5.20205772053285,-1.46342764737006,0.549920567144438,2.28064569369774,-0.593899024179223,-1.36724910973408,-0.305076448796096,2.66446538881776,2.14295673470786,0.925671085439507,6.91803395397265,-1.43379202943623,1.51060009543717,-0.126828583106837,3.18436124879909,1.68582677010311,-0.549463598442481,0.766321165438256,0.679164333999567,-0.622538987542567,1.15735697284256,0.0140829715837846,"DTXSID8047553","perfluoroundecanoic acid",0.332
"DTXSID50469320",-0.00877751911818475,-0.490563539433066,0.521108985916909,1.53268673748093,7.89885622399746,2.03074236141309,2.87099720228281,0.636514816239203,-0.712382893105428,4.93250608117399,-1.46342764737006,0.45396640279351,1.95500898583786,-0.593899024179223,-1.36724910973408,0.7131736907454,2.31654457736544,1.40897969921894,0.772354650362751,5.71017445884361,-1.43379202943623,1.20418021257404,-0.613286827898801,3.51186285699169,1.19005457571157,-0.549463598442481,0.339571975999721,-0.156057355961429,-0.996080856109802,0.158345308167683,0.0376086707330964,"DTXSID3037709","potassium perfluorohexanesulfonate",0.258
"DTXSID5061954",1.59524909252322,-0.490563539433066,1.92280621828934,1.48562722627847,8.35111182679389,2.9361465458217,5.67848897836313,0.773000953874414,-0.712382893105428,4.85772937180539,-1.46342764737006,0.389361988141636,3.81700379150822,-0.593899024179223,-1.36724910973408,-0.141059853055555,2.53713609747829,2.47149335510853,0.97247717823114,5.76961661260634,-1.43379202943623,1.40434557368379,0.183964777568565,3.34567164954039,1.54206781686639,-0.549463598442481,1.22122698126759,0.345204986072526,0.34331422375739,1.24420678802599,0.00520261492580862,"DTXSID8047553","perfluoroundecanoic acid",0.68
"DTXSID50892417",-0.524913768602979,-0.490563539433066,-0.48038166940618,0.664229665588161,6.5475684312388,0.33311461203652,-0.12604822436096,0.335300420029367,-0.712382893105428,4.41400784994938,-1.46342764737006,-0.0252435127428145,-0.321339047693999,-0.593899024179223,-1.36724910973408,-0.361804662398076,2.62471517706013,-0.165811174334707,0.167963044635022,5.55921663681759,-1.43379202943623,0.0379754290935976,-1.16491169086522,-0.823130821245417,-1.98912819239028,-0.549463598442481,-0.48867973783298,1.37629437459267,-0.62729886792876,-1.46691231830365,0.317706091430984,"DTXSID3037707","potassium nonafluoro-1-butanesulfonate",0.102
"DTXSID6027426",0.766468557758275,-0.490563539433066,1.3413960790901,0.532149548400778,5.90178217132022,2.61470706323164,4.36497384416988,0.959853759792438,-1.63923972483521,3.42291055007196,-1.46342764737006,0.0010517828889367,3.83842612637355,-1.13051426632516,-1.36724910973408,0.257542140563228,1.51044120795349,1.90639446794932,0.414889574362381,4.44795225810207,-1.43379202943623,0.917313826264577,0.405261790043072,1.88803828727193,0.619883020464533,-3.86238564314893,1.2209490636424,-1.96218826271349,0.759754648547455,1.29253517118349,0.011453268043606,"DTXSID1032646","sulfluramid",0.484
"DTXSID60380390",0.330383700419306,-0.490563539433066,0.429922677222122,1.45609853338668,7.41226482147798,1.7271198567393,2.40809610327082,0.650801068077271,-0.712382893105428,4.10609210212787,-1.46342764737006,0.310659678860139,1.61725996157734,-0.593899024179223,-1.36724910973408,0.780476676823915,-1.20904256940198,1.16917488680208,0.683679925093646,6.00058625411531,-1.43379202943623,1.5103318971137,-0.530167360281444,2.89810671109787,1.05067836410101,-7.13447833032257,0.569490123032808,-0.860720996026863,-0.989953141706369,0.0434312362954287,0.0387374111665541,"DTXSID1032646","sulfluramid",0.114
"DTXSID60500450",-0.112952551562853,-0.490563539433066,-0.144862815618951,1.01287072306979,7.6063882525764,1.13960806778411,0.699857127657025,0.48260632656583,-0.712382893105428,5.16349637473757,-1.46342764737006,0.41440719685194,0.456658382568859,-0.593899024179223,-1.36724910973408,-0.364414119124316,2.6368514543965,0.845668403866112,1.00010440656469,7.05562357238156,-1.43379202943623,1.00072455709924,-0.851282138038542,2.98970391706262,0.849266514479633,-0.549463598442481,-0.284215895226032,0.203915740280291,-0.619842561707279,-1.37908890991661,0.078822977682052,"DTXSID3031862","perfluorohexanoic acid",0.24
"DTXSID6062599",-0.0803427294988044,-0.490563539433066,0.0640083872032968,1.2624902910041,7.90380101116242,1.11812168938165,1.0242443067883,0.445180528237236,-0.712382893105428,5.08094033734766,-1.46342764737006,0.328806810456935,0.39219077174449,-0.593899024179223,-1.36724910973408,-0.265422043303633,2.63607075819358,0.735758584926728,0.739586852935413,6.40719349990593,-1.43379202943623,0.956426668799094,-0.997752641481459,2.53096856752821,0.120137265212123,-0.549463598442481,-0.680121948491569,-0.0167203101893116,-0.618158594057231,-1.3674243208932,0.0847636906222432,"DTXSID3037707","potassium nonafluoro-1-butanesulfonate",0.29
"DTXSID60663110",0.492808265901774,-0.490563539433066,0.595149151096437,1.26884655979473,8.09315971205662,1.90137560871671,1.94502224673311,0.623896740604936,-0.712382893105428,5.15538796135302,-1.46342764737006,0.479786535937694,1.4288798826767,-0.593899024179223,-1.36724910973408,-0.271462955354236,2.59743812487917,1.66450489609975,0.962265843636033,6.73840155457295,-1.43379202943623,1.38101904008082,-0.4655492335511,3.40486687629362,1.48093198254435,-0.549463598442481,0.412712021170067,0.326743931822025,-0.619085029036875,0.136511266178182,0.0171177813243647,"DTXSID8037708","pentadecafluorooctanoic acid ammonium salt",0.282
"DTXSID6067331",1.02134006178518,-0.490563539433066,0.852730988905216,1.09646787352957,6.43668298718915,1.76683092422316,3.36701090239949,0.706335068588961,-0.712382893105428,3.47509091543343,-1.46342764737006,-0.0734063629912642,2.38883095398889,-0.593899024179223,-1.36724910973408,0.566654463363231,1.64239934852524,0.888254792497879,0.0675490668658014,4.54646961515567,-1.43379202943623,0.670087230626965,-0.336063950157793,2.6067885009418,0.984983968391817,-6.79981313699649,0.59662838628023,0.236880007118731,-0.576203819894502,0.685952457172785,0.0248439705255856,"DTXSID8037708","pentadecafluorooctanoic acid ammonium salt",0.158
"DTXSID60892443",2.02661887471286,-0.490563539433066,1.94696669324266,1.8883524503698,8.5159522689546,3.33293105172815,6.30259986234111,0.785939223495708,-0.712382893105428,4.73242643428224,-1.46342764737006,0.490284825506285,4.17455106063014,-0.593899024179223,-1.36724910973408,0.542263671468198,2.03893405266404,2.76936460488423,1.08270090838409,5.84708917422814,-1.43379202943623,1.56443909263883,0.17289992694484,3.84973139869868,1.72103281315903,-0.549463598442481,0.560410389199483,-0.106153572224824,0.345895864035467,1.2482641766245,0.00753688431768044,"DTXSID8047553","perfluoroundecanoic acid",0.5
"DTXSID70165670",0.383727457593961,-0.490563539433066,0.549555996749044,1.20827220578564,7.72379238486169,1.6477384928881,2.2139804458455,0.592533309096189,-0.712382893105428,4.70790132546429,-1.46342764737006,0.227670409959025,1.4491625929156,-0.593899024179223,-1.36724910973408,-0.217837228234869,2.56289034644472,1.03452846401927,0.746953000619299,5.70349090592979,-1.43379202943623,1.09203239777746,-0.594683643370607,2.83620531540765,0.9685217772287,-0.549463598442481,0.20270632873558,0.280397376095955,-0.583700552259142,-0.188775912272591,0.0195908315271556,"DTXSID3037709","potassium perfluorohexanesulfonate",0.288
"DTXSID70191136",-0.415832960295167,-0.490563539433066,-0.488175371004025,0.802604857188632,7.21697108499232,0.699320780558072,0.368412691473611,0.37423289300886,-0.712382893105428,5.17015685716043,-1.46342764737006,0.3727685660119,-0.0121381666568044,-0.593899024179223,-1.36724910973408,-0.438931527017885,2.68503602404099,0.402866481440495,0.880993524027526,7.36235334159406,-1.43379202943623,0.782791583091829,-1.04103306503825,3.459596174749,0.636121755448746,-0.549463598442481,-0.469485432280196,1.47710098231353,-0.619980474259027,-1.54452911742877,0.185038402102519,"DTXSID3037707","potassium nonafluoro-1-butanesulfonate",0.192
"DTXSID7027831",0.580487686600593,-0.490563539433066,1.17655929029568,0.701628642835858,6.3193772445964,2.73008932296399,4.4254394612261,0.90585454030383,-1.7797768231057,3.72048283096667,-1.46342764737006,0.110458072946492,3.70494086279135,-1.21187995996541,-1.36724910973408,0.304840190825142,1.62172590306125,1.94522958041795,0.626570493776565,4.82101370631098,-1.43379202943623,0.75116837423253,0.260492408919423,2.36031903293301,0.943480631010355,-3.91444467322187,1.05308068310625,-1.51662289932647,0.752038633159103,1.27117847261968,0.0128760726811757,"DTXSID1032646","sulfluramid",0.488
"DTXSID70379917",0.897379830281187,-0.490563539433066,1.10680566099497,0.778538677669877,6.65011581903527,1.55910208558841,3.05849434208664,0.689642829296981,-0.712382893105428,3.8864718202502,-1.46342764737006,-0.0926149214724777,2.12608794881743,-0.593899024179223,-1.36724910973408,-0.228547195973077,2.15245420110245,1.05585733664185,0.118234315172157,4.77930548227262,-1.43379202943623,0.653256892529815,-0.319187816791817,2.16188943152747,0.856523289192,-6.38306545180938,0.840175713286528,0.781642811596314,-0.583501540357048,0.159806376641654,0.0263466247728338,"DTXSID8037708","pentadecafluorooctanoic acid ammonium salt",0.252
"DTXSID7040150",0.815097239783611,-0.490563539433066,0.573716471702364,1.83317385203302,7.99719135818325,2.1682225662956,2.93179612129518,0.617068668744774,-0.712382893105428,4.52373720516125,-1.46342764737006,0.383243666784719,1.89442960275982,-0.593899024179223,-1.36724910973408,0.806160123251708,2.07756542611368,1.34173651446748,0.94261797631532,5.8288173884576,-1.43379202943623,1.39171562944294,-0.613286827898801,3.99608339696912,1.41959937303627,-0.549463598442481,-0.222953309565218,0.0598113102102238,-0.577781494732829,0.124224869420031,0.00717111746484122,"DTXSID3037709","potassium perfluorohexanesulfonate",0.72
"DTXSID70565479",0.686607866326275,-0.490563539433066,0.892868552134119,1.30257291275321,7.93490950474268,2.00811439174827,3.07960941473956,0.647068235127357,-0.712382893105428,4.75884286122033,-1.46342764737006,0.279955003545465,2.04266831842012,-0.593899024179223,-1.36724910973408,-0.191998280286715,2.55349297219117,1.40625551486804,0.827887080488048,5.72649115173038,-1.43379202943623,1.20914983874234,-0.40084407290515,3.05909683659072,1.21944816957019,-0.549463598442481,0.488445504451693,1.07401977122223,-0.583123796917108,0.678796177690005,0.0172463799012237,"DTXSID8037708","pentadecafluorooctanoic acid ammonium salt",0.468
"DTXSID80108992",1.42085805724824,-0.490563539433066,1.26034158247251,1.86647128206384,8.30844790464606,2.79002286423839,4.61181645432417,0.713747907871436,-0.712382893105428,4.6496703606653,-1.46342764737006,0.445446916077798,3.02933661329292,-0.593899024179223,-1.36724910973408,0.64815762041858,2.05303987347285,2.07006528788643,1.02946939419797,5.83994656706331,-1.43379202943623,1.5016305605676,-0.22019345047698,3.89546639815819,1.62683486312067,-0.549463598442481,1.60903289058819,0.136166331597444,-0.580504071430702,1.17659623773143,0.00919536616401629,"DTXSID8047553","perfluoroundecanoic acid",0.302
"DTXSID8031863",1.13117890543045,-0.490563539433066,1.4372586087436,1.57604220793748,8.5864243543354,2.55326499064625,4.28410366163747,0.697055668579456,-0.712382893105428,5.10300053138334,-1.46342764737006,0.489818037762502,2.67967366052572,-0.593899024179223,-1.36724910973408,-0.1529407347891,2.56309472605006,2.26732449825652,1.02602112228858,6.16379317244188,-1.43379202943623,1.43546116866631,-0.21565950148711,3.53647918855827,1.54116424356945,-0.549463598442481,0.494884469872932,0.459965537502151,-0.669470235249933,1.15850586018397,0.00646257369999039,"DTXSID8031863","perfluorononanoic acid",0.654
"DTXSID8031865",0.828298496698136,-0.490563539433066,1.09394605335852,1.52587390122814,8.47484169247069,2.23732960878547,3.43204195701092,0.647737868305534,-0.712382893105428,5.09947090033758,-1.46342764737006,0.462016998275413,2.10201779057008,-0.593899024179223,-1.36724910973408,-0.171314272589178,2.57352421731057,1.90187727629119,0.985596931049209,6.20083235270809,-1.43379202943623,1.37558185618291,-0.41159595424879,3.48865613566286,1.43339846781315,-0.549463598442481,0.262910363849983,1.10432684644284,-0.668114989631594,0.678759397155401,0.00621529320531556,"DTXSID8037708","pentadecafluorooctanoic acid ammonium salt",0.936
"DTXSID8037706",1.42085805724824,-0.490563539433066,1.26034158247251,1.86647128206384,8.30844790464606,2.79002286423839,4.61181645432417,0.713747907871436,-0.712382893105428,4.6496703606653,-1.46342764737006,0.445446916077798,3.02933661329292,-0.593899024179223,-1.36724910973408,0.64815762041858,2.05303987347285,2.07006528788643,1.02946939419797,5.83994656706331,-1.43379202943623,1.5016305605676,-0.22019345047698,3.89546639815819,1.62683486312067,-0.549463598442481,-1.98806804815576,0.136166331597444,-0.580504071430702,1.17659623773143,0.00914928270638281,"DTXSID8037706","heptadecafluorooctanesulfonic acid potassium salt",0.992
"DTXSID8037708",0.828298496698136,-0.490563539433066,1.09394605335852,1.52587390122814,8.47484169247069,2.23732960878547,3.43204195701092,0.647737868305534,-0.712382893105428,5.09947090033758,-1.46342764737006,0.462016998275413,2.10201779057008,-0.593899024179223,-1.36724910973408,-0.171314272589178,2.57352421731057,1.90187727629119,0.985596931049209,6.20083235270809,-1.43379202943623,1.37558185618291,-0.41159595424879,3.48865613566286,1.43339846781315,-0.549463598442481,0.684373270730958,1.10432684644284,-0.668114989631594,0.678759397155401,0.0102974516543065,"DTXSID8037708","pentadecafluorooctanoic acid ammonium salt",0.656
"DTXSID80380256",-0.0112613959157534,-0.490563539433066,0.13025485078498,0.202741057900974,5.34360459687735,0.268451621246587,0.769153881924834,0.597756447886022,-0.712382893105428,3.29628862400685,-1.46342764737006,-0.336540044030739,0.161019541531361,-0.593899024179223,-1.36724910973408,-0.334668192972045,2.18114346682553,-0.0522043395789514,-0.324470343385883,4.33489621005511,-1.43379202943623,-0.488076306431191,-0.882532260323199,3.18100789258276,0.481326408377757,-5.22981830214357,0.686354686192647,0.00234392270184548,-0.636759567453179,-1.52615486177955,0.0917092725726149,"DTXSID2032502","triflusulfuron-methyl",0.082
"DTXSID80380837",0.427588621773676,-0.490563539433066,0.185200447049787,0.928855445900835,7.66679137702267,1.86035986550443,3.08158633909904,0.605824981043794,-0.712382893105428,5.26170836228271,-1.46342764737006,0.592429978487451,2.19234781398068,-0.593899024179223,-1.36724910973408,-0.408605568889653,2.67141838299143,1.86838951114446,1.07132312444701,7.48833345697641,-1.43379202943623,1.61980247222613,-0.168494094716287,3.06558676660216,1.61891011404978,-0.549463598442481,0.773462652462028,0.225678190398167,-0.785263463803564,1.11899849083616,0.0589668275850582,"DTXSID8047553","perfluoroundecanoic acid",0.148
"DTXSID80382154",0.849990702895713,-0.490563539433066,1.00821533578223,2.10670401438253,8.50691315189277,1.73221624630345,2.88786256344209,0.631383193983724,-0.712382893105428,4.91001755242496,-1.46342764737006,0.39908508080137,1.53085356733226,-0.593899024179223,-1.36724910973408,0.386452904671886,-1.20904256940198,1.48023314401342,1.26543830250682,6.36382850289116,-1.43379202943623,1.7511417386569,-0.607342615090975,4.62666911539592,1.90684469525132,-0.549463598442481,0.814308199027839,-0.0818804770305189,0.632377386303486,-1.05939788768587,0.0186454006142127,"DTXSID8047553","perfluoroundecanoic acid",0.166
"DTXSID8047553",1.73693972289508,-0.490563539433066,2.12388371951374,1.64981912956887,8.75220430910599,3.12291903056866,5.98346428385735,0.773492929270627,-0.712382893105428,5.10819116527398,-1.46342764737006,0.532207781027389,3.8390346789398,-0.593899024179223,-1.36724910973408,-0.125652165702515,2.54898890524125,2.97528174272675,1.0823424673861,6.11054935080907,-1.43379202943623,1.5153002519775,0.176564440667342,3.59113410615305,1.66432513014809,-0.549463598442481,0.744883881028838,-0.28333855658631,0.295256000483821,1.24763679340383,0.00530200780589733,"DTXSID8047553","perfluoroundecanoic acid",0.68
"DTXSID8051419",0.943677196080014,0.757361253861575,1.36750497944288,-0.0890256930945536,5.17062215424899,2.50238263723778,4.3849871189107,0.9476185366783,-0.712382893105428,3.24276332086091,-1.46342764737006,0.0394116731820357,4.02146616283926,-0.593899024179223,-1.36724910973408,0.116049493892573,1.34624167108343,2.75686613563856,-0.167971348111447,4.13593171681967,-1.43379202943623,-0.478956883228894,0.534003283417619,1.70054395410336,0.482091999077992,-3.12076757473833,0.0561058649600877,-1.66697753105783,1.09724343232436,1.33590365552907,0.0778347568744685,"DTXSID6023868","hydramethylnon",0.166
"DTXSID8059920",1.11797764851592,-0.490563539433066,0.917029027087438,1.85174357262711,8.17011166177362,2.49043670009941,3.76722967085907,0.671308956177518,-0.712382893105428,4.5939691572693,-1.46342764737006,0.417053702339787,2.46011319233387,-0.593899024179223,-1.36724910973408,0.718505165469217,2.06346936473336,1.71022847173568,0.991965372839546,5.83506335604238,-1.43379202943623,1.45535058956774,-0.416740139187891,3.93416524385471,1.5471289053959,-0.549463598442481,0.912288457675871,0.196799912651364,-0.579759297496195,0.669780269987694,0.0108771140146776,"DTXSID3037709","potassium perfluorohexanesulfonate",0.276
"DTXSID8059926",-0.784838841546246,-0.490563539433066,-0.887212892813692,0.968591762919718,5.43389390236039,1.0617352352439,0.967050123333609,0.472360938939664,-0.712382893105428,3.88596261765153,-1.46342764737006,-0.381969705791783,0.336159941249593,-0.593899024179223,-1.36724910973408,-0.414701875637226,2.56169170176952,0.185912514031423,0.682636444963965,4.31108939670157,-1.43379202943623,0.744508639939141,-0.978172115737111,0.884808022054085,-0.313608570263303,-0.549463598442481,-0.38782777275212,1.48884608313809,-0.943026697776586,-1.38410052520991,0.175389209681247,"DTXSID3037707","potassium nonafluoro-1-butanesulfonate",0.144
"DTXSID8059928",-1.08771925027856,-0.490563539433066,-1.23052544819877,0.731933378089974,4.55112671918819,0.602285523256659,0.576350527452582,0.363987505382666,-0.712382893105428,3.59831996247166,-1.46342764737006,-0.528518576237835,-0.19833129898349,-0.593899024179223,-1.36724910973408,-0.50634712504025,2.58131414596811,-0.294735786010575,0.458765966853503,3.84046837859196,-1.43379202943623,0.219394438125365,-1.16491169086522,-0.77119681206352,-1.52049180115555,-0.549463598442481,-0.810830263805167,2.11203950503745,-0.841162296967177,-1.48864333621507,0.358840295190519,"","chloral-hydrate",0.102
"DTXSID8059970",-0.686103546963431,-0.490563539433066,-0.622616723566853,0.823517607297375,7.00397933152524,0.159796595738912,-0.14362905681522,0.214766447956595,-0.712382893105428,5.05005606569799,-1.46342764737006,0.149522988886748,-0.634000326927167,-0.593899024179223,-1.36724910973408,-0.413979571072824,2.75380542338513,-0.13783042599897,0.141444702227346,6.80271903203509,-1.43379202943623,-0.366375312370228,-1.38374984764557,-1.04840132406419,-3.25203461431036,-0.549463598442481,-0.64629828342992,1.49315548446412,-0.618685417823057,-1.34640546757374,0.36668137890236,"","trichloroethanol",0.168
"DTXSID90315130",1.74543067217813,-0.490563539433066,1.61534469025436,2.40176187723541,8.43862292235441,2.63921050425607,4.75911146980091,0.74855921633389,-0.712382893105428,4.49918119742501,-1.46342764737006,0.415193177212698,3.02079484507294,-0.593899024179223,-1.36724910973408,1.09052995216524,-1.20904256940198,2.03927029073035,1.32653570665397,5.92307287362781,-1.43379202943623,1.81788544729007,-0.22019345047698,4.57735039107761,2.00000105319783,-0.549463598442481,2.52883266256442,-1.41650645595767,1.70519595934726,1.20471854470423,0.00792172163134492,"DTXSID1032646","sulfluramid",0.206
"DTXSID90382620",1.2002602390135,-0.490563539433066,1.45011821638004,0.896174750525877,6.9223056569848,1.91984492449719,3.97010442890294,0.729492836390449,-0.712382893105428,4.00704688184834,-1.46342764737006,-0.0316140474811717,2.76480236245876,-0.593899024179223,-1.36724910973408,-0.206480514769239,2.14452171767018,1.40615389178773,0.251689079183244,4.89315244518237,-1.43379202943623,0.795941911409438,-0.126828583106837,2.42286975962954,1.04247396542577,-6.67279874417965,0.979159274733245,0.477074799445153,0.243975866953302,1.13134232452002,0.0178560720018435,"DTXSID8047553","perfluoroundecanoic acid",0.288
"DTXSID90558000",0.14445050444008,-0.490563539433066,0.530851112914216,0.694714098543891,6.20158063900909,1.65344644919995,3.36152650382753,0.72518919050549,-0.712382893105428,3.73347470622367,-1.46342764737006,0.00928212483982081,2.45419232930947,-0.593899024179223,-1.36724910973408,1.24520193076264,1.8446712891854,0.961338356751202,0.134732541309346,4.76475572491117,-1.43379202943623,0.59681185641254,-0.191075422519809,2.43099492531254,0.821082156649982,-6.56391686961517,0.454051778950138,0.643787103252141,-0.851448180665043,-0.0301736146951319,0.0481166328715052,"DTXSID8047553","perfluoroundecanoic acid",0.096
"DTXSID9059915",-0.0586505233012279,-0.490563539433066,-0.0217223303729989,2.19114845228292,7.78237096362825,0.459505073227436,0.720792869954173,0.420957664071809,-0.712382893105428,4.74322012417065,-1.46342764737006,0.191135154431334,-0.060720173744868,-0.593899024179223,-1.36724910973408,0.60730299265331,-1.20904256940198,0.277228534273178,1.22149514814734,6.7786876850262,-1.43379202943623,1.67267018981924,-1.1917847914969,-1.04840132406419,-3.25203461431036,-0.549463598442481,-0.182865352952208,0.535697445770699,-0.217784416365732,1.37212215660114,0.167654771016779,"DTXSID3037707","potassium nonafluoro-1-butanesulfonate",0.068
"DTXSID90868151",2.3427005403597,-0.490563539433066,2.81050883028389,1.70146297471083,8.86946330150479,3.62615692169107,7.66940739309033,0.832243845292625,-0.712382893105428,5.11182460899753,-1.46342764737006,0.562981657513956,5.0015275051271,-0.593899024179223,-1.36724910973408,-0.106357177603327,2.54013880877824,3.66020765218212,1.1197145748807,6.07411936758662,-1.43379202943623,1.56610694135735,0.569068168118929,3.62149794926125,1.73274784491399,-0.549463598442481,1.47064118425565,-0.634012952130274,0.766813959168973,1.25942191418169,0.0119190701379533,"DTXSID8047553","perfluoroundecanoic acid",0.404
"DTXSID3020209",-0.297550842545305,-0.490563539433066,-0.139017539420567,-0.56821031319372,-0.207973714445208,-0.523486545905787,-0.947629402828747,0.214256160142861,-0.712382893105428,-0.436009868905835,-0.171278150991749,-0.160531618916409,-0.956111955681359,-0.593899024179223,-0.352984729893449,-0.345515054083875,1.43555011283911,-0.483743313334075,-1.11454106949269,-0.235751662656167,-0.299792878882121,-0.841748763566875,-0.357118709971087,-0.0983626605933195,0.350097904346855,0.424167249505174,0.509489024723934,0.2298159205913,-0.374296243623147,-1.17784895589184,0.0670514593776538,"DTXSID3020209","butylparaben",0.762
